Component,Timestamp(us),Total Allocated(MB),Total Reserved(MB),Total Active(MB),Stream Ptr,Device Type
APP,1773303881856922.320	,,170.546875,,,NPU:0
PTA,1773303881846218.280	,16.12939453125,98.0,16.12939453125,47,NPU:0
PTA+GE,1773303881846218.280	,16.12939453125,98.0,16.12939453125,47,NPU:0
PTA,1773303881846374.710	,16.1455078125,98.0,16.1455078125,47,NPU:0
PTA+GE,1773303881846374.710	,16.1455078125,98.0,16.1455078125,47,NPU:0
PTA,1773303881846396.000	,16.208984375,98.0,16.208984375,47,NPU:0
PTA+GE,1773303881846396.000	,16.208984375,98.0,16.208984375,47,NPU:0
PTA,1773303881846428.680	,16.1455078125,98.0,16.1455078125,47,NPU:0
PTA+GE,1773303881846428.680	,16.1455078125,98.0,16.1455078125,47,NPU:0
PTA,1773303881846430.650	,16.1455078125,98.0,16.1455078125,47,NPU:0
PTA+GE,1773303881846430.650	,16.1455078125,98.0,16.1455078125,47,NPU:0
PTA,1773303881846465.850	,16.17724609375,98.0,16.17724609375,47,NPU:0
PTA+GE,1773303881846465.850	,16.17724609375,98.0,16.17724609375,47,NPU:0
PTA,1773303881846482.200	,16.3037109375,98.0,16.3037109375,47,NPU:0
PTA+GE,1773303881846482.200	,16.3037109375,98.0,16.3037109375,47,NPU:0
PTA,1773303881846503.540	,16.17724609375,98.0,16.17724609375,47,NPU:0
PTA+GE,1773303881846503.540	,16.17724609375,98.0,16.17724609375,47,NPU:0
PTA,1773303881846505.460	,16.17724609375,98.0,16.17724609375,47,NPU:0
PTA+GE,1773303881846505.460	,16.17724609375,98.0,16.17724609375,47,NPU:0
PTA,1773303881846576.620	,20.177734375,98.0,20.177734375,47,NPU:0
PTA+GE,1773303881846576.620	,20.177734375,98.0,20.177734375,47,NPU:0
PTA,1773303881846652.580	,20.20947265625,98.0,20.20947265625,47,NPU:0
PTA+GE,1773303881846652.580	,20.20947265625,98.0,20.20947265625,47,NPU:0
PTA,1773303881846677.710	,20.3359375,98.0,20.3359375,47,NPU:0
PTA+GE,1773303881846677.710	,20.3359375,98.0,20.3359375,47,NPU:0
PTA,1773303881846699.250	,20.20947265625,98.0,20.20947265625,47,NPU:0
PTA+GE,1773303881846699.250	,20.20947265625,98.0,20.20947265625,47,NPU:0
PTA,1773303881846700.950	,20.20947265625,98.0,20.20947265625,47,NPU:0
PTA+GE,1773303881846700.950	,20.20947265625,98.0,20.20947265625,47,NPU:0
PTA,1773303881846732.970	,24.2099609375,98.0,24.2099609375,47,NPU:0
PTA+GE,1773303881846732.970	,24.2099609375,98.0,24.2099609375,47,NPU:0
PTA,1773303881846811.470	,28.21044921875,98.0,28.21044921875,47,NPU:0
PTA+GE,1773303881846811.470	,28.21044921875,98.0,28.21044921875,47,NPU:0
PTA,1773303881846881.860	,32.2109375,98.0,32.2109375,47,NPU:0
PTA+GE,1773303881846881.860	,32.2109375,98.0,32.2109375,47,NPU:0
PTA,1773303881846925.300	,28.21044921875,98.0,28.21044921875,47,NPU:0
PTA+GE,1773303881846925.300	,28.21044921875,98.0,28.21044921875,47,NPU:0
PTA,1773303881846927.660	,28.21044921875,98.0,28.21044921875,47,NPU:0
PTA+GE,1773303881846927.660	,28.21044921875,98.0,28.21044921875,47,NPU:0
PTA,1773303881846963.430	,32.2109375,98.0,32.2109375,47,NPU:0
PTA+GE,1773303881846963.430	,32.2109375,98.0,32.2109375,47,NPU:0
PTA,1773303881847010.710	,28.21044921875,98.0,28.21044921875,47,NPU:0
PTA+GE,1773303881847010.710	,28.21044921875,98.0,28.21044921875,47,NPU:0
PTA,1773303881847013.210	,28.21044921875,98.0,28.21044921875,47,NPU:0
PTA+GE,1773303881847013.210	,28.21044921875,98.0,28.21044921875,47,NPU:0
PTA,1773303881847051.780	,32.2109375,98.0,32.2109375,47,NPU:0
PTA+GE,1773303881847051.780	,32.2109375,98.0,32.2109375,47,NPU:0
PTA,1773303881847109.570	,36.21142578125,98.0,36.21142578125,47,NPU:0
PTA+GE,1773303881847109.570	,36.21142578125,98.0,36.21142578125,47,NPU:0
PTA,1773303881847148.250	,32.2109375,98.0,32.2109375,47,NPU:0
PTA+GE,1773303881847148.250	,32.2109375,98.0,32.2109375,47,NPU:0
PTA,1773303881847150.760	,32.2109375,98.0,32.2109375,47,NPU:0
PTA+GE,1773303881847150.760	,32.2109375,98.0,32.2109375,47,NPU:0
PTA,1773303881847179.390	,36.21142578125,98.0,36.21142578125,47,NPU:0
PTA+GE,1773303881847179.390	,36.21142578125,98.0,36.21142578125,47,NPU:0
PTA,1773303881847221.680	,32.2109375,98.0,32.2109375,47,NPU:0
PTA+GE,1773303881847221.680	,32.2109375,98.0,32.2109375,47,NPU:0
PTA,1773303881847224.300	,32.2109375,98.0,32.2109375,47,NPU:0
PTA+GE,1773303881847224.300	,32.2109375,98.0,32.2109375,47,NPU:0
PTA,1773303881847254.610	,36.21142578125,98.0,36.21142578125,47,NPU:0
PTA+GE,1773303881847254.610	,36.21142578125,98.0,36.21142578125,47,NPU:0
PTA,1773303881847275.720	,52.212890625,98.0,52.212890625,47,NPU:0
PTA+GE,1773303881847275.720	,52.212890625,98.0,52.212890625,47,NPU:0
PTA,1773303881847307.640	,36.21142578125,98.0,36.21142578125,47,NPU:0
PTA+GE,1773303881847307.640	,36.21142578125,98.0,36.21142578125,47,NPU:0
PTA,1773303881847309.670	,36.21142578125,98.0,36.21142578125,47,NPU:0
PTA+GE,1773303881847309.670	,36.21142578125,98.0,36.21142578125,47,NPU:0
PTA,1773303881847323.960	,32.2109375,98.0,32.2109375,47,NPU:0
PTA+GE,1773303881847323.960	,32.2109375,98.0,32.2109375,47,NPU:0
PTA,1773303881847326.620	,32.2109375,98.0,32.2109375,47,NPU:0
PTA+GE,1773303881847326.620	,32.2109375,98.0,32.2109375,47,NPU:0
PTA,1773303881847356.130	,36.21142578125,98.0,36.21142578125,47,NPU:0
PTA+GE,1773303881847356.130	,36.21142578125,98.0,36.21142578125,47,NPU:0
PTA,1773303881847404.680	,32.2109375,98.0,32.2109375,47,NPU:0
PTA+GE,1773303881847404.680	,32.2109375,98.0,32.2109375,47,NPU:0
PTA,1773303881847407.690	,32.2109375,98.0,32.2109375,47,NPU:0
PTA+GE,1773303881847407.690	,32.2109375,98.0,32.2109375,47,NPU:0
PTA,1773303881847428.570	,36.21142578125,98.0,36.21142578125,47,NPU:0
PTA+GE,1773303881847428.570	,36.21142578125,98.0,36.21142578125,47,NPU:0
PTA,1773303881847479.980	,40.2119140625,98.0,40.2119140625,47,NPU:0
PTA+GE,1773303881847479.980	,40.2119140625,98.0,40.2119140625,47,NPU:0
PTA,1773303881847513.660	,36.21142578125,98.0,36.21142578125,47,NPU:0
PTA+GE,1773303881847513.660	,36.21142578125,98.0,36.21142578125,47,NPU:0
PTA,1773303881847515.820	,36.21142578125,98.0,36.21142578125,47,NPU:0
PTA+GE,1773303881847515.820	,36.21142578125,98.0,36.21142578125,47,NPU:0
PTA,1773303881847555.530	,40.2119140625,98.0,40.2119140625,47,NPU:0
PTA+GE,1773303881847555.530	,40.2119140625,98.0,40.2119140625,47,NPU:0
PTA,1773303881847595.430	,36.21142578125,98.0,36.21142578125,47,NPU:0
PTA+GE,1773303881847595.430	,36.21142578125,98.0,36.21142578125,47,NPU:0
PTA,1773303881847597.500	,36.21142578125,98.0,36.21142578125,47,NPU:0
PTA+GE,1773303881847597.500	,36.21142578125,98.0,36.21142578125,47,NPU:0
PTA,1773303881847602.690	,32.2109375,98.0,32.2109375,47,NPU:0
PTA+GE,1773303881847602.690	,32.2109375,98.0,32.2109375,47,NPU:0
PTA,1773303881847604.860	,32.2109375,98.0,32.2109375,47,NPU:0
PTA+GE,1773303881847604.860	,32.2109375,98.0,32.2109375,47,NPU:0
PTA,1773303881847631.400	,36.21142578125,98.0,36.21142578125,47,NPU:0
PTA+GE,1773303881847631.400	,36.21142578125,98.0,36.21142578125,47,NPU:0
PTA,1773303881847700.740	,40.2119140625,98.0,40.2119140625,47,NPU:0
PTA+GE,1773303881847700.740	,40.2119140625,98.0,40.2119140625,47,NPU:0
PTA,1773303881847741.690	,36.21142578125,98.0,36.21142578125,47,NPU:0
PTA+GE,1773303881847741.690	,36.21142578125,98.0,36.21142578125,47,NPU:0
PTA,1773303881847744.250	,36.21142578125,98.0,36.21142578125,47,NPU:0
PTA+GE,1773303881847744.250	,36.21142578125,98.0,36.21142578125,47,NPU:0
PTA,1773303881847755.480	,32.2109375,98.0,32.2109375,47,NPU:0
PTA+GE,1773303881847755.480	,32.2109375,98.0,32.2109375,47,NPU:0
PTA,1773303881847756.890	,32.2109375,98.0,32.2109375,47,NPU:0
PTA+GE,1773303881847756.890	,32.2109375,98.0,32.2109375,47,NPU:0
PTA,1773303881847778.070	,36.21142578125,98.0,36.21142578125,47,NPU:0
PTA+GE,1773303881847778.070	,36.21142578125,98.0,36.21142578125,47,NPU:0
PTA,1773303881847825.240	,40.2119140625,98.0,40.2119140625,47,NPU:0
PTA+GE,1773303881847825.240	,40.2119140625,98.0,40.2119140625,47,NPU:0
PTA,1773303881847872.910	,36.21142578125,98.0,36.21142578125,47,NPU:0
PTA+GE,1773303881847872.910	,36.21142578125,98.0,36.21142578125,47,NPU:0
PTA,1773303881847875.110	,36.21142578125,98.0,36.21142578125,47,NPU:0
PTA+GE,1773303881847875.110	,36.21142578125,98.0,36.21142578125,47,NPU:0
PTA,1773303881847928.820	,36.1796875,98.0,36.1796875,47,NPU:0
PTA+GE,1773303881847928.820	,36.1796875,98.0,36.1796875,47,NPU:0
PTA,1773303881847930.890	,36.1796875,98.0,36.1796875,47,NPU:0
PTA+GE,1773303881847930.890	,36.1796875,98.0,36.1796875,47,NPU:0
PTA,1773303881847936.130	,36.17919921875,98.0,36.17919921875,47,NPU:0
PTA+GE,1773303881847936.130	,36.17919921875,98.0,36.17919921875,47,NPU:0
PTA,1773303881847937.630	,36.17919921875,98.0,36.17919921875,47,NPU:0
PTA+GE,1773303881847937.630	,36.17919921875,98.0,36.17919921875,47,NPU:0
PTA,1773303881847962.410	,32.1787109375,98.0,32.1787109375,47,NPU:0
PTA+GE,1773303881847962.410	,32.1787109375,98.0,32.1787109375,47,NPU:0
PTA,1773303881847964.530	,32.1787109375,98.0,32.1787109375,47,NPU:0
PTA+GE,1773303881847964.530	,32.1787109375,98.0,32.1787109375,47,NPU:0
PTA,1773303881848353.040	,32.21044921875,98.0,32.21044921875,47,NPU:0
PTA+GE,1773303881848353.040	,32.21044921875,98.0,32.21044921875,47,NPU:0
PTA,1773303881848382.640	,32.2119140625,98.0,32.2119140625,47,NPU:0
PTA+GE,1773303881848382.640	,32.2119140625,98.0,32.2119140625,47,NPU:0
PTA,1773303881848412.770	,32.21044921875,98.0,32.21044921875,47,NPU:0
PTA+GE,1773303881848412.770	,32.21044921875,98.0,32.21044921875,47,NPU:0
PTA,1773303881848414.770	,32.21044921875,98.0,32.21044921875,47,NPU:0
PTA+GE,1773303881848414.770	,32.21044921875,98.0,32.21044921875,47,NPU:0
PTA,1773303881848470.650	,36.2109375,98.0,36.2109375,47,NPU:0
PTA+GE,1773303881848470.650	,36.2109375,98.0,36.2109375,47,NPU:0
PTA,1773303881848516.790	,40.21142578125,98.0,40.21142578125,47,NPU:0
PTA+GE,1773303881848516.790	,40.21142578125,98.0,40.21142578125,47,NPU:0
PTA,1773303881848560.490	,40.2431640625,98.0,40.2431640625,47,NPU:0
PTA+GE,1773303881848560.490	,40.2431640625,98.0,40.2431640625,47,NPU:0
PTA,1773303881848573.550	,40.24462890625,98.0,40.24462890625,47,NPU:0
PTA+GE,1773303881848573.550	,40.24462890625,98.0,40.24462890625,47,NPU:0
PTA,1773303881848591.840	,40.2431640625,98.0,40.2431640625,47,NPU:0
PTA+GE,1773303881848591.840	,40.2431640625,98.0,40.2431640625,47,NPU:0
PTA,1773303881848594.280	,40.2431640625,98.0,40.2431640625,47,NPU:0
PTA+GE,1773303881848594.280	,40.2431640625,98.0,40.2431640625,47,NPU:0
PTA,1773303881848599.560	,36.24267578125,98.0,36.24267578125,47,NPU:0
PTA+GE,1773303881848599.560	,36.24267578125,98.0,36.24267578125,47,NPU:0
PTA,1773303881848601.080	,36.24267578125,98.0,36.24267578125,47,NPU:0
PTA+GE,1773303881848601.080	,36.24267578125,98.0,36.24267578125,47,NPU:0
PTA,1773303881848615.170	,32.2421875,98.0,32.2421875,47,NPU:0
PTA+GE,1773303881848615.170	,32.2421875,98.0,32.2421875,47,NPU:0
PTA,1773303881848617.100	,32.2421875,98.0,32.2421875,47,NPU:0
PTA+GE,1773303881848617.100	,32.2421875,98.0,32.2421875,47,NPU:0
PTA,1773303881848679.500	,36.24267578125,98.0,36.24267578125,47,NPU:0
PTA+GE,1773303881848679.500	,36.24267578125,98.0,36.24267578125,47,NPU:0
PTA,1773303881848726.360	,32.2421875,98.0,32.2421875,47,NPU:0
PTA+GE,1773303881848726.360	,32.2421875,98.0,32.2421875,47,NPU:0
PTA,1773303881848728.610	,32.2421875,98.0,32.2421875,47,NPU:0
PTA+GE,1773303881848728.610	,32.2421875,98.0,32.2421875,47,NPU:0
PTA,1773303881848834.400	,36.24267578125,98.0,36.24267578125,47,NPU:0
PTA+GE,1773303881848834.400	,36.24267578125,98.0,36.24267578125,47,NPU:0
PTA,1773303881848870.290	,52.244140625,98.0,52.244140625,47,NPU:0
PTA+GE,1773303881848870.290	,52.244140625,98.0,52.244140625,47,NPU:0
PTA,1773303881848891.920	,36.24267578125,98.0,36.24267578125,47,NPU:0
PTA+GE,1773303881848891.920	,36.24267578125,98.0,36.24267578125,47,NPU:0
PTA,1773303881848894.160	,36.24267578125,98.0,36.24267578125,47,NPU:0
PTA+GE,1773303881848894.160	,36.24267578125,98.0,36.24267578125,47,NPU:0
PTA,1773303881848903.060	,32.2421875,98.0,32.2421875,47,NPU:0
PTA+GE,1773303881848903.060	,32.2421875,98.0,32.2421875,47,NPU:0
PTA,1773303881848905.330	,32.2421875,98.0,32.2421875,47,NPU:0
PTA+GE,1773303881848905.330	,32.2421875,98.0,32.2421875,47,NPU:0
PTA,1773303881848972.910	,36.24267578125,98.0,36.24267578125,47,NPU:0
PTA+GE,1773303881848972.910	,36.24267578125,98.0,36.24267578125,47,NPU:0
PTA,1773303881849030.110	,32.2421875,98.0,32.2421875,47,NPU:0
PTA+GE,1773303881849030.110	,32.2421875,98.0,32.2421875,47,NPU:0
PTA,1773303881849032.360	,32.2421875,98.0,32.2421875,47,NPU:0
PTA+GE,1773303881849032.360	,32.2421875,98.0,32.2421875,47,NPU:0
PTA,1773303881849081.380	,36.24267578125,98.0,36.24267578125,47,NPU:0
PTA+GE,1773303881849081.380	,36.24267578125,98.0,36.24267578125,47,NPU:0
PTA,1773303881849120.310	,32.2421875,98.0,32.2421875,47,NPU:0
PTA+GE,1773303881849120.310	,32.2421875,98.0,32.2421875,47,NPU:0
PTA,1773303881849122.370	,32.2421875,98.0,32.2421875,47,NPU:0
PTA+GE,1773303881849122.370	,32.2421875,98.0,32.2421875,47,NPU:0
PTA,1773303881849137.520	,28.24169921875,98.0,28.24169921875,47,NPU:0
PTA+GE,1773303881849137.520	,28.24169921875,98.0,28.24169921875,47,NPU:0
PTA,1773303881849139.120	,28.24169921875,98.0,28.24169921875,47,NPU:0
PTA+GE,1773303881849139.120	,28.24169921875,98.0,28.24169921875,47,NPU:0
PTA,1773303881849176.050	,32.2421875,98.0,32.2421875,47,NPU:0
PTA+GE,1773303881849176.050	,32.2421875,98.0,32.2421875,47,NPU:0
PTA,1773303881849239.490	,28.24169921875,98.0,28.24169921875,47,NPU:0
PTA+GE,1773303881849239.490	,28.24169921875,98.0,28.24169921875,47,NPU:0
PTA,1773303881849241.700	,28.24169921875,98.0,28.24169921875,47,NPU:0
PTA+GE,1773303881849241.700	,28.24169921875,98.0,28.24169921875,47,NPU:0
PTA,1773303881849315.510	,32.2421875,98.0,32.2421875,47,NPU:0
PTA+GE,1773303881849315.510	,32.2421875,98.0,32.2421875,47,NPU:0
PTA,1773303881849354.120	,28.24169921875,98.0,28.24169921875,47,NPU:0
PTA+GE,1773303881849354.120	,28.24169921875,98.0,28.24169921875,47,NPU:0
PTA,1773303881849356.000	,28.24169921875,98.0,28.24169921875,47,NPU:0
PTA+GE,1773303881849356.000	,28.24169921875,98.0,28.24169921875,47,NPU:0
PTA,1773303881849360.480	,24.2412109375,98.0,24.2412109375,47,NPU:0
PTA+GE,1773303881849360.480	,24.2412109375,98.0,24.2412109375,47,NPU:0
PTA,1773303881849362.560	,24.2412109375,98.0,24.2412109375,47,NPU:0
PTA+GE,1773303881849362.560	,24.2412109375,98.0,24.2412109375,47,NPU:0
PTA,1773303881849424.730	,28.24169921875,98.0,28.24169921875,47,NPU:0
PTA+GE,1773303881849424.730	,28.24169921875,98.0,28.24169921875,47,NPU:0
PTA,1773303881849469.040	,32.2421875,98.0,32.2421875,47,NPU:0
PTA+GE,1773303881849469.040	,32.2421875,98.0,32.2421875,47,NPU:0
PTA,1773303881849517.790	,36.24267578125,98.0,36.24267578125,47,NPU:0
PTA+GE,1773303881849517.790	,36.24267578125,98.0,36.24267578125,47,NPU:0
PTA,1773303881849544.760	,40.2431640625,98.0,40.2431640625,47,NPU:0
PTA+GE,1773303881849544.760	,40.2431640625,98.0,40.2431640625,47,NPU:0
PTA,1773303881849577.700	,36.24267578125,98.0,36.24267578125,47,NPU:0
PTA+GE,1773303881849577.700	,36.24267578125,98.0,36.24267578125,47,NPU:0
PTA,1773303881849580.210	,36.24267578125,98.0,36.24267578125,47,NPU:0
PTA+GE,1773303881849580.210	,36.24267578125,98.0,36.24267578125,47,NPU:0
PTA,1773303881849583.460	,32.2421875,98.0,32.2421875,47,NPU:0
PTA+GE,1773303881849583.460	,32.2421875,98.0,32.2421875,47,NPU:0
PTA,1773303881849584.900	,32.2421875,98.0,32.2421875,47,NPU:0
PTA+GE,1773303881849584.900	,32.2421875,98.0,32.2421875,47,NPU:0
PTA,1773303881849588.070	,28.24169921875,98.0,28.24169921875,47,NPU:0
PTA+GE,1773303881849588.070	,28.24169921875,98.0,28.24169921875,47,NPU:0
PTA,1773303881849589.860	,28.24169921875,98.0,28.24169921875,47,NPU:0
PTA+GE,1773303881849589.860	,28.24169921875,98.0,28.24169921875,47,NPU:0
PTA,1773303881849602.360	,32.2421875,98.0,32.2421875,47,NPU:0
PTA+GE,1773303881849602.360	,32.2421875,98.0,32.2421875,47,NPU:0
PTA,1773303881849662.440	,32.27392578125,98.0,32.27392578125,47,NPU:0
PTA+GE,1773303881849662.440	,32.27392578125,98.0,32.27392578125,47,NPU:0
PTA,1773303881849676.390	,32.275390625,98.0,32.275390625,47,NPU:0
PTA+GE,1773303881849676.390	,32.275390625,98.0,32.275390625,47,NPU:0
PTA,1773303881849694.090	,32.27392578125,98.0,32.27392578125,47,NPU:0
PTA+GE,1773303881849694.090	,32.27392578125,98.0,32.27392578125,47,NPU:0
PTA,1773303881849696.740	,32.27392578125,98.0,32.27392578125,47,NPU:0
PTA+GE,1773303881849696.740	,32.27392578125,98.0,32.27392578125,47,NPU:0
PTA,1773303881849703.160	,28.2734375,98.0,28.2734375,47,NPU:0
PTA+GE,1773303881849703.160	,28.2734375,98.0,28.2734375,47,NPU:0
PTA,1773303881849704.670	,28.2734375,98.0,28.2734375,47,NPU:0
PTA+GE,1773303881849704.670	,28.2734375,98.0,28.2734375,47,NPU:0
PTA,1773303881849708.770	,24.27294921875,98.0,24.27294921875,47,NPU:0
PTA+GE,1773303881849708.770	,24.27294921875,98.0,24.27294921875,47,NPU:0
PTA,1773303881849710.750	,24.27294921875,98.0,24.27294921875,47,NPU:0
PTA+GE,1773303881849710.750	,24.27294921875,98.0,24.27294921875,47,NPU:0
PTA,1773303881849722.990	,24.2412109375,98.0,24.2412109375,47,NPU:0
PTA+GE,1773303881849722.990	,24.2412109375,98.0,24.2412109375,47,NPU:0
PTA,1773303881849724.980	,24.2412109375,98.0,24.2412109375,47,NPU:0
PTA+GE,1773303881849724.980	,24.2412109375,98.0,24.2412109375,47,NPU:0
PTA,1773303881849729.900	,20.24072265625,98.0,20.24072265625,47,NPU:0
PTA+GE,1773303881849729.900	,20.24072265625,98.0,20.24072265625,47,NPU:0
PTA,1773303881849731.340	,20.24072265625,98.0,20.24072265625,47,NPU:0
PTA+GE,1773303881849731.340	,20.24072265625,98.0,20.24072265625,47,NPU:0
PTA,1773303881849787.870	,20.208984375,98.0,20.208984375,47,NPU:0
PTA+GE,1773303881849787.870	,20.208984375,98.0,20.208984375,47,NPU:0
PTA,1773303881849790.280	,20.208984375,98.0,20.208984375,47,NPU:0
PTA+GE,1773303881849790.280	,20.208984375,98.0,20.208984375,47,NPU:0
PTA,1773303881849835.850	,20.24072265625,98.0,20.24072265625,47,NPU:0
PTA+GE,1773303881849835.850	,20.24072265625,98.0,20.24072265625,47,NPU:0
PTA,1773303881849860.510	,20.3671875,98.0,20.3671875,47,NPU:0
PTA+GE,1773303881849860.510	,20.3671875,98.0,20.3671875,47,NPU:0
PTA,1773303881849886.190	,20.24072265625,98.0,20.24072265625,47,NPU:0
PTA+GE,1773303881849886.190	,20.24072265625,98.0,20.24072265625,47,NPU:0
PTA,1773303881849891.640	,20.24072265625,98.0,20.24072265625,47,NPU:0
PTA+GE,1773303881849891.640	,20.24072265625,98.0,20.24072265625,47,NPU:0
PTA,1773303881849902.490	,20.208984375,98.0,20.208984375,47,NPU:0
PTA+GE,1773303881849902.490	,20.208984375,98.0,20.208984375,47,NPU:0
PTA,1773303881849904.730	,20.208984375,98.0,20.208984375,47,NPU:0
PTA+GE,1773303881849904.730	,20.208984375,98.0,20.208984375,47,NPU:0
PTA,1773303881849949.440	,24.20947265625,98.0,24.20947265625,47,NPU:0
PTA+GE,1773303881849949.440	,24.20947265625,98.0,24.20947265625,47,NPU:0
PTA,1773303881850022.380	,24.2412109375,98.0,24.2412109375,47,NPU:0
PTA+GE,1773303881850022.380	,24.2412109375,98.0,24.2412109375,47,NPU:0
PTA,1773303881850038.360	,24.24267578125,98.0,24.24267578125,47,NPU:0
PTA+GE,1773303881850038.360	,24.24267578125,98.0,24.24267578125,47,NPU:0
PTA,1773303881850056.970	,24.2412109375,98.0,24.2412109375,47,NPU:0
PTA+GE,1773303881850056.970	,24.2412109375,98.0,24.2412109375,47,NPU:0
PTA,1773303881850058.960	,24.2412109375,98.0,24.2412109375,47,NPU:0
PTA+GE,1773303881850058.960	,24.2412109375,98.0,24.2412109375,47,NPU:0
PTA,1773303881850064.650	,20.24072265625,98.0,20.24072265625,47,NPU:0
PTA+GE,1773303881850064.650	,20.24072265625,98.0,20.24072265625,47,NPU:0
PTA,1773303881850066.460	,20.24072265625,98.0,20.24072265625,47,NPU:0
PTA+GE,1773303881850066.460	,20.24072265625,98.0,20.24072265625,47,NPU:0
PTA,1773303881850109.650	,20.208984375,98.0,20.208984375,47,NPU:0
PTA+GE,1773303881850109.650	,20.208984375,98.0,20.208984375,47,NPU:0
PTA,1773303881850111.880	,20.208984375,98.0,20.208984375,47,NPU:0
PTA+GE,1773303881850111.880	,20.208984375,98.0,20.208984375,47,NPU:0
PTA,1773303881850194.410	,20.17724609375,98.0,20.17724609375,47,NPU:0
PTA+GE,1773303881850194.410	,20.17724609375,98.0,20.17724609375,47,NPU:0
PTA,1773303881850196.560	,20.17724609375,98.0,20.17724609375,47,NPU:0
PTA+GE,1773303881850196.560	,20.17724609375,98.0,20.17724609375,47,NPU:0
PTA,1773303881850346.370	,16.1767578125,98.0,16.1767578125,47,NPU:0
PTA+GE,1773303881850346.370	,16.1767578125,98.0,16.1767578125,47,NPU:0
PTA,1773303881850349.610	,16.1767578125,98.0,16.1767578125,47,NPU:0
PTA+GE,1773303881850349.610	,16.1767578125,98.0,16.1767578125,47,NPU:0
PTA,1773303881850416.640	,16.17724609375,98.0,16.17724609375,47,NPU:0
PTA+GE,1773303881850416.640	,16.17724609375,98.0,16.17724609375,47,NPU:0
PTA,1773303881850478.880	,16.208984375,98.0,16.208984375,47,NPU:0
PTA+GE,1773303881850478.880	,16.208984375,98.0,16.208984375,47,NPU:0
PTA,1773303881850509.110	,16.20849609375,98.0,16.20849609375,47,NPU:0
PTA+GE,1773303881850509.110	,16.20849609375,98.0,16.20849609375,47,NPU:0
PTA,1773303881850511.790	,16.20849609375,98.0,16.20849609375,47,NPU:0
PTA+GE,1773303881850511.790	,16.20849609375,98.0,16.20849609375,47,NPU:0
PTA,1773303881850521.460	,16.1767578125,98.0,16.1767578125,47,NPU:0
PTA+GE,1773303881850521.460	,16.1767578125,98.0,16.1767578125,47,NPU:0
PTA,1773303881850525.190	,16.1767578125,98.0,16.1767578125,47,NPU:0
PTA+GE,1773303881850525.190	,16.1767578125,98.0,16.1767578125,47,NPU:0
PTA,1773303881850536.920	,16.16064453125,98.0,16.16064453125,47,NPU:0
PTA+GE,1773303881850536.920	,16.16064453125,98.0,16.16064453125,47,NPU:0
PTA,1773303881850538.400	,16.16064453125,98.0,16.16064453125,47,NPU:0
PTA+GE,1773303881850538.400	,16.16064453125,98.0,16.16064453125,47,NPU:0
PTA,1773303881850604.630	,16.12890625,98.0,16.12890625,47,NPU:0
PTA+GE,1773303881850604.630	,16.12890625,98.0,16.12890625,47,NPU:0
PTA,1773303881850606.630	,16.12890625,98.0,16.12890625,47,NPU:0
PTA+GE,1773303881850606.630	,16.12890625,98.0,16.12890625,47,NPU:0
PTA,1773303881851018.590	,16.12939453125,98.0,16.12939453125,47,NPU:0
PTA+GE,1773303881851018.590	,16.12939453125,98.0,16.12939453125,47,NPU:0
PTA,1773303881851156.540	,16.1455078125,98.0,16.1455078125,47,NPU:0
PTA+GE,1773303881851156.540	,16.1455078125,98.0,16.1455078125,47,NPU:0
PTA,1773303881851176.900	,16.208984375,98.0,16.208984375,47,NPU:0
PTA+GE,1773303881851176.900	,16.208984375,98.0,16.208984375,47,NPU:0
PTA,1773303881851204.160	,16.1455078125,98.0,16.1455078125,47,NPU:0
PTA+GE,1773303881851204.160	,16.1455078125,98.0,16.1455078125,47,NPU:0
PTA,1773303881851205.980	,16.1455078125,98.0,16.1455078125,47,NPU:0
PTA+GE,1773303881851205.980	,16.1455078125,98.0,16.1455078125,47,NPU:0
PTA,1773303881851238.190	,16.17724609375,98.0,16.17724609375,47,NPU:0
PTA+GE,1773303881851238.190	,16.17724609375,98.0,16.17724609375,47,NPU:0
PTA,1773303881851255.810	,16.3037109375,98.0,16.3037109375,47,NPU:0
PTA+GE,1773303881851255.810	,16.3037109375,98.0,16.3037109375,47,NPU:0
PTA,1773303881851277.850	,16.17724609375,98.0,16.17724609375,47,NPU:0
PTA+GE,1773303881851277.850	,16.17724609375,98.0,16.17724609375,47,NPU:0
PTA,1773303881851279.350	,16.17724609375,98.0,16.17724609375,47,NPU:0
PTA+GE,1773303881851279.350	,16.17724609375,98.0,16.17724609375,47,NPU:0
PTA,1773303881851352.920	,20.177734375,98.0,20.177734375,47,NPU:0
PTA+GE,1773303881851352.920	,20.177734375,98.0,20.177734375,47,NPU:0
PTA,1773303881851445.830	,20.20947265625,98.0,20.20947265625,47,NPU:0
PTA+GE,1773303881851445.830	,20.20947265625,98.0,20.20947265625,47,NPU:0
PTA,1773303881851470.870	,20.3359375,98.0,20.3359375,47,NPU:0
PTA+GE,1773303881851470.870	,20.3359375,98.0,20.3359375,47,NPU:0
PTA,1773303881851503.090	,20.20947265625,98.0,20.20947265625,47,NPU:0
PTA+GE,1773303881851503.090	,20.20947265625,98.0,20.20947265625,47,NPU:0
PTA,1773303881851504.780	,20.20947265625,98.0,20.20947265625,47,NPU:0
PTA+GE,1773303881851504.780	,20.20947265625,98.0,20.20947265625,47,NPU:0
PTA,1773303881851539.160	,24.2099609375,98.0,24.2099609375,47,NPU:0
PTA+GE,1773303881851539.160	,24.2099609375,98.0,24.2099609375,47,NPU:0
PTA,1773303881851607.790	,28.21044921875,98.0,28.21044921875,47,NPU:0
PTA+GE,1773303881851607.790	,28.21044921875,98.0,28.21044921875,47,NPU:0
PTA,1773303881851674.160	,32.2109375,98.0,32.2109375,47,NPU:0
PTA+GE,1773303881851674.160	,32.2109375,98.0,32.2109375,47,NPU:0
PTA,1773303881851717.460	,28.21044921875,98.0,28.21044921875,47,NPU:0
PTA+GE,1773303881851717.460	,28.21044921875,98.0,28.21044921875,47,NPU:0
PTA,1773303881851719.730	,28.21044921875,98.0,28.21044921875,47,NPU:0
PTA+GE,1773303881851719.730	,28.21044921875,98.0,28.21044921875,47,NPU:0
PTA,1773303881851752.080	,32.2109375,98.0,32.2109375,47,NPU:0
PTA+GE,1773303881851752.080	,32.2109375,98.0,32.2109375,47,NPU:0
PTA,1773303881851797.970	,28.21044921875,98.0,28.21044921875,47,NPU:0
PTA+GE,1773303881851797.970	,28.21044921875,98.0,28.21044921875,47,NPU:0
PTA,1773303881851806.240	,28.21044921875,98.0,28.21044921875,47,NPU:0
PTA+GE,1773303881851806.240	,28.21044921875,98.0,28.21044921875,47,NPU:0
PTA,1773303881851841.150	,32.2109375,98.0,32.2109375,47,NPU:0
PTA+GE,1773303881851841.150	,32.2109375,98.0,32.2109375,47,NPU:0
PTA,1773303881851892.510	,36.21142578125,98.0,36.21142578125,47,NPU:0
PTA+GE,1773303881851892.510	,36.21142578125,98.0,36.21142578125,47,NPU:0
PTA,1773303881851932.300	,32.2109375,98.0,32.2109375,47,NPU:0
PTA+GE,1773303881851932.300	,32.2109375,98.0,32.2109375,47,NPU:0
PTA,1773303881851934.780	,32.2109375,98.0,32.2109375,47,NPU:0
PTA+GE,1773303881851934.780	,32.2109375,98.0,32.2109375,47,NPU:0
PTA,1773303881851974.270	,36.21142578125,98.0,36.21142578125,47,NPU:0
PTA+GE,1773303881851974.270	,36.21142578125,98.0,36.21142578125,47,NPU:0
PTA,1773303881852018.340	,32.2109375,98.0,32.2109375,47,NPU:0
PTA+GE,1773303881852018.340	,32.2109375,98.0,32.2109375,47,NPU:0
PTA,1773303881852021.330	,32.2109375,98.0,32.2109375,47,NPU:0
PTA+GE,1773303881852021.330	,32.2109375,98.0,32.2109375,47,NPU:0
PTA,1773303881852053.060	,36.21142578125,98.0,36.21142578125,47,NPU:0
PTA+GE,1773303881852053.060	,36.21142578125,98.0,36.21142578125,47,NPU:0
PTA,1773303881852074.580	,52.212890625,98.0,52.212890625,47,NPU:0
PTA+GE,1773303881852074.580	,52.212890625,98.0,52.212890625,47,NPU:0
PTA,1773303881852096.660	,36.21142578125,98.0,36.21142578125,47,NPU:0
PTA+GE,1773303881852096.660	,36.21142578125,98.0,36.21142578125,47,NPU:0
PTA,1773303881852098.750	,36.21142578125,98.0,36.21142578125,47,NPU:0
PTA+GE,1773303881852098.750	,36.21142578125,98.0,36.21142578125,47,NPU:0
PTA,1773303881852112.510	,32.2109375,98.0,32.2109375,47,NPU:0
PTA+GE,1773303881852112.510	,32.2109375,98.0,32.2109375,47,NPU:0
PTA,1773303881852114.190	,32.2109375,98.0,32.2109375,47,NPU:0
PTA+GE,1773303881852114.190	,32.2109375,98.0,32.2109375,47,NPU:0
PTA,1773303881852143.840	,36.21142578125,98.0,36.21142578125,47,NPU:0
PTA+GE,1773303881852143.840	,36.21142578125,98.0,36.21142578125,47,NPU:0
PTA,1773303881852193.390	,32.2109375,98.0,32.2109375,47,NPU:0
PTA+GE,1773303881852193.390	,32.2109375,98.0,32.2109375,47,NPU:0
PTA,1773303881852195.700	,32.2109375,98.0,32.2109375,47,NPU:0
PTA+GE,1773303881852195.700	,32.2109375,98.0,32.2109375,47,NPU:0
PTA,1773303881852236.910	,36.21142578125,98.0,36.21142578125,47,NPU:0
PTA+GE,1773303881852236.910	,36.21142578125,98.0,36.21142578125,47,NPU:0
PTA,1773303881852290.040	,40.2119140625,98.0,40.2119140625,47,NPU:0
PTA+GE,1773303881852290.040	,40.2119140625,98.0,40.2119140625,47,NPU:0
PTA,1773303881852325.150	,36.21142578125,98.0,36.21142578125,47,NPU:0
PTA+GE,1773303881852325.150	,36.21142578125,98.0,36.21142578125,47,NPU:0
PTA,1773303881852327.490	,36.21142578125,98.0,36.21142578125,47,NPU:0
PTA+GE,1773303881852327.490	,36.21142578125,98.0,36.21142578125,47,NPU:0
PTA,1773303881852378.020	,40.2119140625,98.0,40.2119140625,47,NPU:0
PTA+GE,1773303881852378.020	,40.2119140625,98.0,40.2119140625,47,NPU:0
PTA,1773303881852412.110	,36.21142578125,98.0,36.21142578125,47,NPU:0
PTA+GE,1773303881852412.110	,36.21142578125,98.0,36.21142578125,47,NPU:0
PTA,1773303881852414.420	,36.21142578125,98.0,36.21142578125,47,NPU:0
PTA+GE,1773303881852414.420	,36.21142578125,98.0,36.21142578125,47,NPU:0
PTA,1773303881852420.390	,32.2109375,98.0,32.2109375,47,NPU:0
PTA+GE,1773303881852420.390	,32.2109375,98.0,32.2109375,47,NPU:0
PTA,1773303881852421.970	,32.2109375,98.0,32.2109375,47,NPU:0
PTA+GE,1773303881852421.970	,32.2109375,98.0,32.2109375,47,NPU:0
PTA,1773303881852456.960	,36.21142578125,98.0,36.21142578125,47,NPU:0
PTA+GE,1773303881852456.960	,36.21142578125,98.0,36.21142578125,47,NPU:0
PTA,1773303881852524.040	,40.2119140625,98.0,40.2119140625,47,NPU:0
PTA+GE,1773303881852524.040	,40.2119140625,98.0,40.2119140625,47,NPU:0
PTA,1773303881852570.650	,36.21142578125,98.0,36.21142578125,47,NPU:0
PTA+GE,1773303881852570.650	,36.21142578125,98.0,36.21142578125,47,NPU:0
PTA,1773303881852574.890	,36.21142578125,98.0,36.21142578125,47,NPU:0
PTA+GE,1773303881852574.890	,36.21142578125,98.0,36.21142578125,47,NPU:0
PTA,1773303881852581.850	,32.2109375,98.0,32.2109375,47,NPU:0
PTA+GE,1773303881852581.850	,32.2109375,98.0,32.2109375,47,NPU:0
PTA,1773303881852583.840	,32.2109375,98.0,32.2109375,47,NPU:0
PTA+GE,1773303881852583.840	,32.2109375,98.0,32.2109375,47,NPU:0
PTA,1773303881852621.430	,36.21142578125,98.0,36.21142578125,47,NPU:0
PTA+GE,1773303881852621.430	,36.21142578125,98.0,36.21142578125,47,NPU:0
PTA,1773303881852689.680	,40.2119140625,98.0,40.2119140625,47,NPU:0
PTA+GE,1773303881852689.680	,40.2119140625,98.0,40.2119140625,47,NPU:0
PTA,1773303881852726.190	,36.21142578125,98.0,36.21142578125,47,NPU:0
PTA+GE,1773303881852726.190	,36.21142578125,98.0,36.21142578125,47,NPU:0
PTA,1773303881852728.810	,36.21142578125,98.0,36.21142578125,47,NPU:0
PTA+GE,1773303881852728.810	,36.21142578125,98.0,36.21142578125,47,NPU:0
PTA,1773303881852782.510	,36.1796875,98.0,36.1796875,47,NPU:0
PTA+GE,1773303881852782.510	,36.1796875,98.0,36.1796875,47,NPU:0
PTA,1773303881852785.140	,36.1796875,98.0,36.1796875,47,NPU:0
PTA+GE,1773303881852785.140	,36.1796875,98.0,36.1796875,47,NPU:0
PTA,1773303881852790.380	,36.17919921875,98.0,36.17919921875,47,NPU:0
PTA+GE,1773303881852790.380	,36.17919921875,98.0,36.17919921875,47,NPU:0
PTA,1773303881852792.020	,36.17919921875,98.0,36.17919921875,47,NPU:0
PTA+GE,1773303881852792.020	,36.17919921875,98.0,36.17919921875,47,NPU:0
PTA,1773303881852819.200	,32.1787109375,98.0,32.1787109375,47,NPU:0
PTA+GE,1773303881852819.200	,32.1787109375,98.0,32.1787109375,47,NPU:0
PTA,1773303881852821.160	,32.1787109375,98.0,32.1787109375,47,NPU:0
PTA+GE,1773303881852821.160	,32.1787109375,98.0,32.1787109375,47,NPU:0
PTA,1773303881853172.740	,32.21044921875,98.0,32.21044921875,47,NPU:0
PTA+GE,1773303881853172.740	,32.21044921875,98.0,32.21044921875,47,NPU:0
PTA,1773303881853217.530	,32.2119140625,98.0,32.2119140625,47,NPU:0
PTA+GE,1773303881853217.530	,32.2119140625,98.0,32.2119140625,47,NPU:0
PTA,1773303881853246.100	,32.21044921875,98.0,32.21044921875,47,NPU:0
PTA+GE,1773303881853246.100	,32.21044921875,98.0,32.21044921875,47,NPU:0
PTA,1773303881853247.830	,32.21044921875,98.0,32.21044921875,47,NPU:0
PTA+GE,1773303881853247.830	,32.21044921875,98.0,32.21044921875,47,NPU:0
PTA,1773303881853306.540	,36.2109375,98.0,36.2109375,47,NPU:0
PTA+GE,1773303881853306.540	,36.2109375,98.0,36.2109375,47,NPU:0
PTA,1773303881853355.470	,40.21142578125,98.0,40.21142578125,47,NPU:0
PTA+GE,1773303881853355.470	,40.21142578125,98.0,40.21142578125,47,NPU:0
PTA,1773303881853394.860	,40.2431640625,98.0,40.2431640625,47,NPU:0
PTA+GE,1773303881853394.860	,40.2431640625,98.0,40.2431640625,47,NPU:0
PTA,1773303881853407.870	,40.24462890625,98.0,40.24462890625,47,NPU:0
PTA+GE,1773303881853407.870	,40.24462890625,98.0,40.24462890625,47,NPU:0
PTA,1773303881853428.480	,40.2431640625,98.0,40.2431640625,47,NPU:0
PTA+GE,1773303881853428.480	,40.2431640625,98.0,40.2431640625,47,NPU:0
PTA,1773303881853430.360	,40.2431640625,98.0,40.2431640625,47,NPU:0
PTA+GE,1773303881853430.360	,40.2431640625,98.0,40.2431640625,47,NPU:0
PTA,1773303881853435.500	,36.24267578125,98.0,36.24267578125,47,NPU:0
PTA+GE,1773303881853435.500	,36.24267578125,98.0,36.24267578125,47,NPU:0
PTA,1773303881853437.260	,36.24267578125,98.0,36.24267578125,47,NPU:0
PTA+GE,1773303881853437.260	,36.24267578125,98.0,36.24267578125,47,NPU:0
PTA,1773303881853452.220	,32.2421875,98.0,32.2421875,47,NPU:0
PTA+GE,1773303881853452.220	,32.2421875,98.0,32.2421875,47,NPU:0
PTA,1773303881853454.320	,32.2421875,98.0,32.2421875,47,NPU:0
PTA+GE,1773303881853454.320	,32.2421875,98.0,32.2421875,47,NPU:0
PTA,1773303881853498.850	,36.24267578125,98.0,36.24267578125,47,NPU:0
PTA+GE,1773303881853498.850	,36.24267578125,98.0,36.24267578125,47,NPU:0
PTA,1773303881853544.260	,32.2421875,98.0,32.2421875,47,NPU:0
PTA+GE,1773303881853544.260	,32.2421875,98.0,32.2421875,47,NPU:0
PTA,1773303881853548.660	,32.2421875,98.0,32.2421875,47,NPU:0
PTA+GE,1773303881853548.660	,32.2421875,98.0,32.2421875,47,NPU:0
PTA,1773303881853660.800	,36.24267578125,98.0,36.24267578125,47,NPU:0
PTA+GE,1773303881853660.800	,36.24267578125,98.0,36.24267578125,47,NPU:0
PTA,1773303881853685.800	,52.244140625,98.0,52.244140625,47,NPU:0
PTA+GE,1773303881853685.800	,52.244140625,98.0,52.244140625,47,NPU:0
PTA,1773303881853714.120	,36.24267578125,98.0,36.24267578125,47,NPU:0
PTA+GE,1773303881853714.120	,36.24267578125,98.0,36.24267578125,47,NPU:0
PTA,1773303881853715.920	,36.24267578125,98.0,36.24267578125,47,NPU:0
PTA+GE,1773303881853715.920	,36.24267578125,98.0,36.24267578125,47,NPU:0
PTA,1773303881853724.300	,32.2421875,98.0,32.2421875,47,NPU:0
PTA+GE,1773303881853724.300	,32.2421875,98.0,32.2421875,47,NPU:0
PTA,1773303881853726.630	,32.2421875,98.0,32.2421875,47,NPU:0
PTA+GE,1773303881853726.630	,32.2421875,98.0,32.2421875,47,NPU:0
PTA,1773303881853765.460	,36.24267578125,98.0,36.24267578125,47,NPU:0
PTA+GE,1773303881853765.460	,36.24267578125,98.0,36.24267578125,47,NPU:0
PTA,1773303881853799.960	,32.2421875,98.0,32.2421875,47,NPU:0
PTA+GE,1773303881853799.960	,32.2421875,98.0,32.2421875,47,NPU:0
PTA,1773303881853802.190	,32.2421875,98.0,32.2421875,47,NPU:0
PTA+GE,1773303881853802.190	,32.2421875,98.0,32.2421875,47,NPU:0
PTA,1773303881853840.970	,36.24267578125,98.0,36.24267578125,47,NPU:0
PTA+GE,1773303881853840.970	,36.24267578125,98.0,36.24267578125,47,NPU:0
PTA,1773303881853877.030	,32.2421875,98.0,32.2421875,47,NPU:0
PTA+GE,1773303881853877.030	,32.2421875,98.0,32.2421875,47,NPU:0
PTA,1773303881853879.160	,32.2421875,98.0,32.2421875,47,NPU:0
PTA+GE,1773303881853879.160	,32.2421875,98.0,32.2421875,47,NPU:0
PTA,1773303881853883.270	,28.24169921875,98.0,28.24169921875,47,NPU:0
PTA+GE,1773303881853883.270	,28.24169921875,98.0,28.24169921875,47,NPU:0
PTA,1773303881853885.440	,28.24169921875,98.0,28.24169921875,47,NPU:0
PTA+GE,1773303881853885.440	,28.24169921875,98.0,28.24169921875,47,NPU:0
PTA,1773303881853916.940	,32.2421875,98.0,32.2421875,47,NPU:0
PTA+GE,1773303881853916.940	,32.2421875,98.0,32.2421875,47,NPU:0
PTA,1773303881853948.870	,28.24169921875,98.0,28.24169921875,47,NPU:0
PTA+GE,1773303881853948.870	,28.24169921875,98.0,28.24169921875,47,NPU:0
PTA,1773303881853950.880	,28.24169921875,98.0,28.24169921875,47,NPU:0
PTA+GE,1773303881853950.880	,28.24169921875,98.0,28.24169921875,47,NPU:0
PTA,1773303881854001.860	,32.2421875,98.0,32.2421875,47,NPU:0
PTA+GE,1773303881854001.860	,32.2421875,98.0,32.2421875,47,NPU:0
PTA,1773303881854036.780	,28.24169921875,98.0,28.24169921875,47,NPU:0
PTA+GE,1773303881854036.780	,28.24169921875,98.0,28.24169921875,47,NPU:0
PTA,1773303881854038.950	,28.24169921875,98.0,28.24169921875,47,NPU:0
PTA+GE,1773303881854038.950	,28.24169921875,98.0,28.24169921875,47,NPU:0
PTA,1773303881854042.700	,24.2412109375,98.0,24.2412109375,47,NPU:0
PTA+GE,1773303881854042.700	,24.2412109375,98.0,24.2412109375,47,NPU:0
PTA,1773303881854044.870	,24.2412109375,98.0,24.2412109375,47,NPU:0
PTA+GE,1773303881854044.870	,24.2412109375,98.0,24.2412109375,47,NPU:0
PTA,1773303881854094.390	,28.24169921875,98.0,28.24169921875,47,NPU:0
PTA+GE,1773303881854094.390	,28.24169921875,98.0,28.24169921875,47,NPU:0
PTA,1773303881854134.290	,32.2421875,98.0,32.2421875,47,NPU:0
PTA+GE,1773303881854134.290	,32.2421875,98.0,32.2421875,47,NPU:0
PTA,1773303881854169.990	,36.24267578125,98.0,36.24267578125,47,NPU:0
PTA+GE,1773303881854169.990	,36.24267578125,98.0,36.24267578125,47,NPU:0
PTA,1773303881854203.520	,40.2431640625,98.0,40.2431640625,47,NPU:0
PTA+GE,1773303881854203.520	,40.2431640625,98.0,40.2431640625,47,NPU:0
PTA,1773303881854240.920	,36.24267578125,98.0,36.24267578125,47,NPU:0
PTA+GE,1773303881854240.920	,36.24267578125,98.0,36.24267578125,47,NPU:0
PTA,1773303881854243.550	,36.24267578125,98.0,36.24267578125,47,NPU:0
PTA+GE,1773303881854243.550	,36.24267578125,98.0,36.24267578125,47,NPU:0
PTA,1773303881854246.600	,32.2421875,98.0,32.2421875,47,NPU:0
PTA+GE,1773303881854246.600	,32.2421875,98.0,32.2421875,47,NPU:0
PTA,1773303881854248.140	,32.2421875,98.0,32.2421875,47,NPU:0
PTA+GE,1773303881854248.140	,32.2421875,98.0,32.2421875,47,NPU:0
PTA,1773303881854251.510	,28.24169921875,98.0,28.24169921875,47,NPU:0
PTA+GE,1773303881854251.510	,28.24169921875,98.0,28.24169921875,47,NPU:0
PTA,1773303881854255.640	,28.24169921875,98.0,28.24169921875,47,NPU:0
PTA+GE,1773303881854255.640	,28.24169921875,98.0,28.24169921875,47,NPU:0
PTA,1773303881854270.850	,32.2421875,98.0,32.2421875,47,NPU:0
PTA+GE,1773303881854270.850	,32.2421875,98.0,32.2421875,47,NPU:0
PTA,1773303881854312.800	,32.27392578125,98.0,32.27392578125,47,NPU:0
PTA+GE,1773303881854312.800	,32.27392578125,98.0,32.27392578125,47,NPU:0
PTA,1773303881854326.680	,32.275390625,98.0,32.275390625,47,NPU:0
PTA+GE,1773303881854326.680	,32.275390625,98.0,32.275390625,47,NPU:0
PTA,1773303881854343.350	,32.27392578125,98.0,32.27392578125,47,NPU:0
PTA+GE,1773303881854343.350	,32.27392578125,98.0,32.27392578125,47,NPU:0
PTA,1773303881854345.630	,32.27392578125,98.0,32.27392578125,47,NPU:0
PTA+GE,1773303881854345.630	,32.27392578125,98.0,32.27392578125,47,NPU:0
PTA,1773303881854350.550	,28.2734375,98.0,28.2734375,47,NPU:0
PTA+GE,1773303881854350.550	,28.2734375,98.0,28.2734375,47,NPU:0
PTA,1773303881854352.550	,28.2734375,98.0,28.2734375,47,NPU:0
PTA+GE,1773303881854352.550	,28.2734375,98.0,28.2734375,47,NPU:0
PTA,1773303881854356.390	,24.27294921875,98.0,24.27294921875,47,NPU:0
PTA+GE,1773303881854356.390	,24.27294921875,98.0,24.27294921875,47,NPU:0
PTA,1773303881854357.800	,24.27294921875,98.0,24.27294921875,47,NPU:0
PTA+GE,1773303881854357.800	,24.27294921875,98.0,24.27294921875,47,NPU:0
PTA,1773303881854369.260	,24.2412109375,98.0,24.2412109375,47,NPU:0
PTA+GE,1773303881854369.260	,24.2412109375,98.0,24.2412109375,47,NPU:0
PTA,1773303881854371.150	,24.2412109375,98.0,24.2412109375,47,NPU:0
PTA+GE,1773303881854371.150	,24.2412109375,98.0,24.2412109375,47,NPU:0
PTA,1773303881854375.720	,20.24072265625,98.0,20.24072265625,47,NPU:0
PTA+GE,1773303881854375.720	,20.24072265625,98.0,20.24072265625,47,NPU:0
PTA,1773303881854377.290	,20.24072265625,98.0,20.24072265625,47,NPU:0
PTA+GE,1773303881854377.290	,20.24072265625,98.0,20.24072265625,47,NPU:0
PTA,1773303881854419.100	,20.208984375,98.0,20.208984375,47,NPU:0
PTA+GE,1773303881854419.100	,20.208984375,98.0,20.208984375,47,NPU:0
PTA,1773303881854421.160	,20.208984375,98.0,20.208984375,47,NPU:0
PTA+GE,1773303881854421.160	,20.208984375,98.0,20.208984375,47,NPU:0
PTA,1773303881854466.890	,20.24072265625,98.0,20.24072265625,47,NPU:0
PTA+GE,1773303881854466.890	,20.24072265625,98.0,20.24072265625,47,NPU:0
PTA,1773303881854490.860	,20.3671875,98.0,20.3671875,47,NPU:0
PTA+GE,1773303881854490.860	,20.3671875,98.0,20.3671875,47,NPU:0
PTA,1773303881854509.230	,20.24072265625,98.0,20.24072265625,47,NPU:0
PTA+GE,1773303881854509.230	,20.24072265625,98.0,20.24072265625,47,NPU:0
PTA,1773303881854513.340	,20.24072265625,98.0,20.24072265625,47,NPU:0
PTA+GE,1773303881854513.340	,20.24072265625,98.0,20.24072265625,47,NPU:0
PTA,1773303881854522.810	,20.208984375,98.0,20.208984375,47,NPU:0
PTA+GE,1773303881854522.810	,20.208984375,98.0,20.208984375,47,NPU:0
PTA,1773303881854524.880	,20.208984375,98.0,20.208984375,47,NPU:0
PTA+GE,1773303881854524.880	,20.208984375,98.0,20.208984375,47,NPU:0
PTA,1773303881854565.500	,24.20947265625,98.0,24.20947265625,47,NPU:0
PTA+GE,1773303881854565.500	,24.20947265625,98.0,24.20947265625,47,NPU:0
PTA,1773303881854609.360	,24.2412109375,98.0,24.2412109375,47,NPU:0
PTA+GE,1773303881854609.360	,24.2412109375,98.0,24.2412109375,47,NPU:0
PTA,1773303881854622.550	,24.24267578125,98.0,24.24267578125,47,NPU:0
PTA+GE,1773303881854622.550	,24.24267578125,98.0,24.24267578125,47,NPU:0
PTA,1773303881854639.820	,24.2412109375,98.0,24.2412109375,47,NPU:0
PTA+GE,1773303881854639.820	,24.2412109375,98.0,24.2412109375,47,NPU:0
PTA,1773303881854641.980	,24.2412109375,98.0,24.2412109375,47,NPU:0
PTA+GE,1773303881854641.980	,24.2412109375,98.0,24.2412109375,47,NPU:0
PTA,1773303881854647.170	,20.24072265625,98.0,20.24072265625,47,NPU:0
PTA+GE,1773303881854647.170	,20.24072265625,98.0,20.24072265625,47,NPU:0
PTA,1773303881854649.130	,20.24072265625,98.0,20.24072265625,47,NPU:0
PTA+GE,1773303881854649.130	,20.24072265625,98.0,20.24072265625,47,NPU:0
PTA,1773303881854694.540	,20.208984375,98.0,20.208984375,47,NPU:0
PTA+GE,1773303881854694.540	,20.208984375,98.0,20.208984375,47,NPU:0
PTA,1773303881854696.640	,20.208984375,98.0,20.208984375,47,NPU:0
PTA+GE,1773303881854696.640	,20.208984375,98.0,20.208984375,47,NPU:0
PTA,1773303881854758.110	,20.17724609375,98.0,20.17724609375,47,NPU:0
PTA+GE,1773303881854758.110	,20.17724609375,98.0,20.17724609375,47,NPU:0
PTA,1773303881854760.250	,20.17724609375,98.0,20.17724609375,47,NPU:0
PTA+GE,1773303881854760.250	,20.17724609375,98.0,20.17724609375,47,NPU:0
PTA,1773303881854862.620	,16.1767578125,98.0,16.1767578125,47,NPU:0
PTA+GE,1773303881854862.620	,16.1767578125,98.0,16.1767578125,47,NPU:0
PTA,1773303881854864.890	,16.1767578125,98.0,16.1767578125,47,NPU:0
PTA+GE,1773303881854864.890	,16.1767578125,98.0,16.1767578125,47,NPU:0
PTA,1773303881854925.240	,16.17724609375,98.0,16.17724609375,47,NPU:0
PTA+GE,1773303881854925.240	,16.17724609375,98.0,16.17724609375,47,NPU:0
PTA,1773303881855005.580	,16.208984375,98.0,16.208984375,47,NPU:0
PTA+GE,1773303881855005.580	,16.208984375,98.0,16.208984375,47,NPU:0
PTA,1773303881855039.120	,16.20849609375,98.0,16.20849609375,47,NPU:0
PTA+GE,1773303881855039.120	,16.20849609375,98.0,16.20849609375,47,NPU:0
PTA,1773303881855041.460	,16.20849609375,98.0,16.20849609375,47,NPU:0
PTA+GE,1773303881855041.460	,16.20849609375,98.0,16.20849609375,47,NPU:0
PTA,1773303881855050.750	,16.1767578125,98.0,16.1767578125,47,NPU:0
PTA+GE,1773303881855050.750	,16.1767578125,98.0,16.1767578125,47,NPU:0
PTA,1773303881855052.740	,16.1767578125,98.0,16.1767578125,47,NPU:0
PTA+GE,1773303881855052.740	,16.1767578125,98.0,16.1767578125,47,NPU:0
PTA,1773303881855065.000	,16.16064453125,98.0,16.16064453125,47,NPU:0
PTA+GE,1773303881855065.000	,16.16064453125,98.0,16.16064453125,47,NPU:0
PTA,1773303881855066.770	,16.16064453125,98.0,16.16064453125,47,NPU:0
PTA+GE,1773303881855066.770	,16.16064453125,98.0,16.16064453125,47,NPU:0
PTA,1773303881855137.540	,16.12890625,98.0,16.12890625,47,NPU:0
PTA+GE,1773303881855137.540	,16.12890625,98.0,16.12890625,47,NPU:0
PTA,1773303881855139.620	,16.12890625,98.0,16.12890625,47,NPU:0
PTA+GE,1773303881855139.620	,16.12890625,98.0,16.12890625,47,NPU:0
PTA,1773303881855543.290	,16.12939453125,98.0,16.12939453125,47,NPU:0
PTA+GE,1773303881855543.290	,16.12939453125,98.0,16.12939453125,47,NPU:0
PTA,1773303881855669.970	,16.1455078125,98.0,16.1455078125,47,NPU:0
PTA+GE,1773303881855669.970	,16.1455078125,98.0,16.1455078125,47,NPU:0
PTA,1773303881855690.960	,16.208984375,98.0,16.208984375,47,NPU:0
PTA+GE,1773303881855690.960	,16.208984375,98.0,16.208984375,47,NPU:0
PTA,1773303881855716.610	,16.1455078125,98.0,16.1455078125,47,NPU:0
PTA+GE,1773303881855716.610	,16.1455078125,98.0,16.1455078125,47,NPU:0
PTA,1773303881855718.400	,16.1455078125,98.0,16.1455078125,47,NPU:0
PTA+GE,1773303881855718.400	,16.1455078125,98.0,16.1455078125,47,NPU:0
PTA,1773303881855752.190	,16.17724609375,98.0,16.17724609375,47,NPU:0
PTA+GE,1773303881855752.190	,16.17724609375,98.0,16.17724609375,47,NPU:0
PTA,1773303881855768.610	,16.3037109375,98.0,16.3037109375,47,NPU:0
PTA+GE,1773303881855768.610	,16.3037109375,98.0,16.3037109375,47,NPU:0
PTA,1773303881855788.430	,16.17724609375,98.0,16.17724609375,47,NPU:0
PTA+GE,1773303881855788.430	,16.17724609375,98.0,16.17724609375,47,NPU:0
PTA,1773303881855790.030	,16.17724609375,98.0,16.17724609375,47,NPU:0
PTA+GE,1773303881855790.030	,16.17724609375,98.0,16.17724609375,47,NPU:0
PTA,1773303881855857.360	,20.177734375,98.0,20.177734375,47,NPU:0
PTA+GE,1773303881855857.360	,20.177734375,98.0,20.177734375,47,NPU:0
PTA,1773303881855939.080	,20.20947265625,98.0,20.20947265625,47,NPU:0
PTA+GE,1773303881855939.080	,20.20947265625,98.0,20.20947265625,47,NPU:0
PTA,1773303881855961.070	,20.3359375,98.0,20.3359375,47,NPU:0
PTA+GE,1773303881855961.070	,20.3359375,98.0,20.3359375,47,NPU:0
PTA,1773303881855981.600	,20.20947265625,98.0,20.20947265625,47,NPU:0
PTA+GE,1773303881855981.600	,20.20947265625,98.0,20.20947265625,47,NPU:0
PTA,1773303881855983.810	,20.20947265625,98.0,20.20947265625,47,NPU:0
PTA+GE,1773303881855983.810	,20.20947265625,98.0,20.20947265625,47,NPU:0
PTA,1773303881856014.280	,24.2099609375,98.0,24.2099609375,47,NPU:0
PTA+GE,1773303881856014.280	,24.2099609375,98.0,24.2099609375,47,NPU:0
PTA,1773303881856066.850	,28.21044921875,98.0,28.21044921875,47,NPU:0
PTA+GE,1773303881856066.850	,28.21044921875,98.0,28.21044921875,47,NPU:0
PTA,1773303881856127.050	,32.2109375,98.0,32.2109375,47,NPU:0
PTA+GE,1773303881856127.050	,32.2109375,98.0,32.2109375,47,NPU:0
PTA,1773303881856169.330	,28.21044921875,98.0,28.21044921875,47,NPU:0
PTA+GE,1773303881856169.330	,28.21044921875,98.0,28.21044921875,47,NPU:0
PTA,1773303881856172.210	,28.21044921875,98.0,28.21044921875,47,NPU:0
PTA+GE,1773303881856172.210	,28.21044921875,98.0,28.21044921875,47,NPU:0
PTA,1773303881856221.820	,32.2109375,98.0,32.2109375,47,NPU:0
PTA+GE,1773303881856221.820	,32.2109375,98.0,32.2109375,47,NPU:0
PTA,1773303881856278.700	,28.21044921875,98.0,28.21044921875,47,NPU:0
PTA+GE,1773303881856278.700	,28.21044921875,98.0,28.21044921875,47,NPU:0
PTA,1773303881856280.750	,28.21044921875,98.0,28.21044921875,47,NPU:0
PTA+GE,1773303881856280.750	,28.21044921875,98.0,28.21044921875,47,NPU:0
PTA,1773303881856316.280	,32.2109375,98.0,32.2109375,47,NPU:0
PTA+GE,1773303881856316.280	,32.2109375,98.0,32.2109375,47,NPU:0
PTA,1773303881856368.430	,36.21142578125,98.0,36.21142578125,47,NPU:0
PTA+GE,1773303881856368.430	,36.21142578125,98.0,36.21142578125,47,NPU:0
PTA,1773303881856415.280	,32.2109375,98.0,32.2109375,47,NPU:0
PTA+GE,1773303881856415.280	,32.2109375,98.0,32.2109375,47,NPU:0
PTA,1773303881856417.750	,32.2109375,98.0,32.2109375,47,NPU:0
PTA+GE,1773303881856417.750	,32.2109375,98.0,32.2109375,47,NPU:0
PTA,1773303881856447.150	,36.21142578125,98.0,36.21142578125,47,NPU:0
PTA+GE,1773303881856447.150	,36.21142578125,98.0,36.21142578125,47,NPU:0
PTA,1773303881856485.350	,32.2109375,98.0,32.2109375,47,NPU:0
PTA+GE,1773303881856485.350	,32.2109375,98.0,32.2109375,47,NPU:0
PTA,1773303881856488.220	,32.2109375,98.0,32.2109375,47,NPU:0
PTA+GE,1773303881856488.220	,32.2109375,98.0,32.2109375,47,NPU:0
PTA,1773303881856520.050	,36.21142578125,98.0,36.21142578125,47,NPU:0
PTA+GE,1773303881856520.050	,36.21142578125,98.0,36.21142578125,47,NPU:0
PTA,1773303881856541.190	,52.212890625,98.0,52.212890625,47,NPU:0
PTA+GE,1773303881856541.190	,52.212890625,98.0,52.212890625,47,NPU:0
PTA,1773303881856559.760	,36.21142578125,98.0,36.21142578125,47,NPU:0
PTA+GE,1773303881856559.760	,36.21142578125,98.0,36.21142578125,47,NPU:0
PTA,1773303881856561.790	,36.21142578125,98.0,36.21142578125,47,NPU:0
PTA+GE,1773303881856561.790	,36.21142578125,98.0,36.21142578125,47,NPU:0
PTA,1773303881856574.980	,32.2109375,98.0,32.2109375,47,NPU:0
PTA+GE,1773303881856574.980	,32.2109375,98.0,32.2109375,47,NPU:0
PTA,1773303881856577.110	,32.2109375,98.0,32.2109375,47,NPU:0
PTA+GE,1773303881856577.110	,32.2109375,98.0,32.2109375,47,NPU:0
PTA,1773303881856605.100	,36.21142578125,98.0,36.21142578125,47,NPU:0
PTA+GE,1773303881856605.100	,36.21142578125,98.0,36.21142578125,47,NPU:0
PTA,1773303881856648.080	,32.2109375,98.0,32.2109375,47,NPU:0
PTA+GE,1773303881856648.080	,32.2109375,98.0,32.2109375,47,NPU:0
PTA,1773303881856650.420	,32.2109375,98.0,32.2109375,47,NPU:0
PTA+GE,1773303881856650.420	,32.2109375,98.0,32.2109375,47,NPU:0
PTA,1773303881856669.780	,36.21142578125,98.0,36.21142578125,47,NPU:0
PTA+GE,1773303881856669.780	,36.21142578125,98.0,36.21142578125,47,NPU:0
PTA,1773303881856715.650	,40.2119140625,98.0,40.2119140625,47,NPU:0
PTA+GE,1773303881856715.650	,40.2119140625,98.0,40.2119140625,47,NPU:0
PTA,1773303881856749.050	,36.21142578125,98.0,36.21142578125,47,NPU:0
PTA+GE,1773303881856749.050	,36.21142578125,98.0,36.21142578125,47,NPU:0
PTA,1773303881856751.390	,36.21142578125,98.0,36.21142578125,47,NPU:0
PTA+GE,1773303881856751.390	,36.21142578125,98.0,36.21142578125,47,NPU:0
PTA,1773303881856789.870	,40.2119140625,98.0,40.2119140625,47,NPU:0
PTA+GE,1773303881856789.870	,40.2119140625,98.0,40.2119140625,47,NPU:0
PTA,1773303881856825.410	,36.21142578125,98.0,36.21142578125,47,NPU:0
PTA+GE,1773303881856825.410	,36.21142578125,98.0,36.21142578125,47,NPU:0
PTA,1773303881856827.760	,36.21142578125,98.0,36.21142578125,47,NPU:0
PTA+GE,1773303881856827.760	,36.21142578125,98.0,36.21142578125,47,NPU:0
PTA,1773303881856833.220	,32.2109375,98.0,32.2109375,47,NPU:0
PTA+GE,1773303881856833.220	,32.2109375,98.0,32.2109375,47,NPU:0
PTA,1773303881856835.220	,32.2109375,98.0,32.2109375,47,NPU:0
PTA+GE,1773303881856835.220	,32.2109375,98.0,32.2109375,47,NPU:0
PTA,1773303881856862.380	,36.21142578125,98.0,36.21142578125,47,NPU:0
PTA+GE,1773303881856862.380	,36.21142578125,98.0,36.21142578125,47,NPU:0
PTA,1773303881856926.750	,40.2119140625,98.0,40.2119140625,47,NPU:0
PTA+GE,1773303881856926.750	,40.2119140625,98.0,40.2119140625,47,NPU:0
PTA,1773303881856981.440	,36.21142578125,98.0,36.21142578125,47,NPU:0
PTA+GE,1773303881856981.440	,36.21142578125,98.0,36.21142578125,47,NPU:0
PTA,1773303881856984.380	,36.21142578125,98.0,36.21142578125,47,NPU:0
PTA+GE,1773303881856984.380	,36.21142578125,98.0,36.21142578125,47,NPU:0
PTA,1773303881856990.150	,32.2109375,98.0,32.2109375,47,NPU:0
PTA+GE,1773303881856990.150	,32.2109375,98.0,32.2109375,47,NPU:0
PTA,1773303881856992.240	,32.2109375,98.0,32.2109375,47,NPU:0
PTA+GE,1773303881856992.240	,32.2109375,98.0,32.2109375,47,NPU:0
PTA,1773303881857014.060	,36.21142578125,98.0,36.21142578125,47,NPU:0
PTA+GE,1773303881857014.060	,36.21142578125,98.0,36.21142578125,47,NPU:0
PTA,1773303881857061.660	,40.2119140625,98.0,40.2119140625,47,NPU:0
PTA+GE,1773303881857061.660	,40.2119140625,98.0,40.2119140625,47,NPU:0
PTA,1773303881857094.020	,36.21142578125,98.0,36.21142578125,47,NPU:0
PTA+GE,1773303881857094.020	,36.21142578125,98.0,36.21142578125,47,NPU:0
PTA,1773303881857096.280	,36.21142578125,98.0,36.21142578125,47,NPU:0
PTA+GE,1773303881857096.280	,36.21142578125,98.0,36.21142578125,47,NPU:0
PTA,1773303881857148.310	,36.1796875,98.0,36.1796875,47,NPU:0
PTA+GE,1773303881857148.310	,36.1796875,98.0,36.1796875,47,NPU:0
PTA,1773303881857150.590	,36.1796875,98.0,36.1796875,47,NPU:0
PTA+GE,1773303881857150.590	,36.1796875,98.0,36.1796875,47,NPU:0
PTA,1773303881857155.580	,36.17919921875,98.0,36.17919921875,47,NPU:0
PTA+GE,1773303881857155.580	,36.17919921875,98.0,36.17919921875,47,NPU:0
PTA,1773303881857157.210	,36.17919921875,98.0,36.17919921875,47,NPU:0
PTA+GE,1773303881857157.210	,36.17919921875,98.0,36.17919921875,47,NPU:0
PTA,1773303881857181.360	,32.1787109375,98.0,32.1787109375,47,NPU:0
PTA+GE,1773303881857181.360	,32.1787109375,98.0,32.1787109375,47,NPU:0
PTA,1773303881857183.170	,32.1787109375,98.0,32.1787109375,47,NPU:0
PTA+GE,1773303881857183.170	,32.1787109375,98.0,32.1787109375,47,NPU:0
PTA,1773303881857583.130	,32.21044921875,98.0,32.21044921875,47,NPU:0
PTA+GE,1773303881857583.130	,32.21044921875,98.0,32.21044921875,47,NPU:0
PTA,1773303881857610.510	,32.2119140625,98.0,32.2119140625,47,NPU:0
PTA+GE,1773303881857610.510	,32.2119140625,98.0,32.2119140625,47,NPU:0
PTA,1773303881857639.430	,32.21044921875,98.0,32.21044921875,47,NPU:0
PTA+GE,1773303881857639.430	,32.21044921875,98.0,32.21044921875,47,NPU:0
PTA,1773303881857640.970	,32.21044921875,98.0,32.21044921875,47,NPU:0
PTA+GE,1773303881857640.970	,32.21044921875,98.0,32.21044921875,47,NPU:0
PTA,1773303881857702.190	,36.2109375,98.0,36.2109375,47,NPU:0
PTA+GE,1773303881857702.190	,36.2109375,98.0,36.2109375,47,NPU:0
PTA,1773303881857749.690	,40.21142578125,98.0,40.21142578125,47,NPU:0
PTA+GE,1773303881857749.690	,40.21142578125,98.0,40.21142578125,47,NPU:0
PTA,1773303881857783.480	,40.2431640625,98.0,40.2431640625,47,NPU:0
PTA+GE,1773303881857783.480	,40.2431640625,98.0,40.2431640625,47,NPU:0
PTA,1773303881857795.930	,40.24462890625,98.0,40.24462890625,47,NPU:0
PTA+GE,1773303881857795.930	,40.24462890625,98.0,40.24462890625,47,NPU:0
PTA,1773303881857816.740	,40.2431640625,98.0,40.2431640625,47,NPU:0
PTA+GE,1773303881857816.740	,40.2431640625,98.0,40.2431640625,47,NPU:0
PTA,1773303881857818.340	,40.2431640625,98.0,40.2431640625,47,NPU:0
PTA+GE,1773303881857818.340	,40.2431640625,98.0,40.2431640625,47,NPU:0
PTA,1773303881857822.900	,36.24267578125,98.0,36.24267578125,47,NPU:0
PTA+GE,1773303881857822.900	,36.24267578125,98.0,36.24267578125,47,NPU:0
PTA,1773303881857824.550	,36.24267578125,98.0,36.24267578125,47,NPU:0
PTA+GE,1773303881857824.550	,36.24267578125,98.0,36.24267578125,47,NPU:0
PTA,1773303881857838.990	,32.2421875,98.0,32.2421875,47,NPU:0
PTA+GE,1773303881857838.990	,32.2421875,98.0,32.2421875,47,NPU:0
PTA,1773303881857840.970	,32.2421875,98.0,32.2421875,47,NPU:0
PTA+GE,1773303881857840.970	,32.2421875,98.0,32.2421875,47,NPU:0
PTA,1773303881857902.740	,36.24267578125,98.0,36.24267578125,47,NPU:0
PTA+GE,1773303881857902.740	,36.24267578125,98.0,36.24267578125,47,NPU:0
PTA,1773303881857952.940	,32.2421875,98.0,32.2421875,47,NPU:0
PTA+GE,1773303881857952.940	,32.2421875,98.0,32.2421875,47,NPU:0
PTA,1773303881857955.090	,32.2421875,98.0,32.2421875,47,NPU:0
PTA+GE,1773303881857955.090	,32.2421875,98.0,32.2421875,47,NPU:0
PTA,1773303881858059.380	,36.24267578125,98.0,36.24267578125,47,NPU:0
PTA+GE,1773303881858059.380	,36.24267578125,98.0,36.24267578125,47,NPU:0
PTA,1773303881858083.260	,52.244140625,98.0,52.244140625,47,NPU:0
PTA+GE,1773303881858083.260	,52.244140625,98.0,52.244140625,47,NPU:0
PTA,1773303881858114.940	,36.24267578125,98.0,36.24267578125,47,NPU:0
PTA+GE,1773303881858114.940	,36.24267578125,98.0,36.24267578125,47,NPU:0
PTA,1773303881858116.790	,36.24267578125,98.0,36.24267578125,47,NPU:0
PTA+GE,1773303881858116.790	,36.24267578125,98.0,36.24267578125,47,NPU:0
PTA,1773303881858125.630	,32.2421875,98.0,32.2421875,47,NPU:0
PTA+GE,1773303881858125.630	,32.2421875,98.0,32.2421875,47,NPU:0
PTA,1773303881858127.940	,32.2421875,98.0,32.2421875,47,NPU:0
PTA+GE,1773303881858127.940	,32.2421875,98.0,32.2421875,47,NPU:0
PTA,1773303881858169.280	,36.24267578125,98.0,36.24267578125,47,NPU:0
PTA+GE,1773303881858169.280	,36.24267578125,98.0,36.24267578125,47,NPU:0
PTA,1773303881858205.210	,32.2421875,98.0,32.2421875,47,NPU:0
PTA+GE,1773303881858205.210	,32.2421875,98.0,32.2421875,47,NPU:0
PTA,1773303881858207.480	,32.2421875,98.0,32.2421875,47,NPU:0
PTA+GE,1773303881858207.480	,32.2421875,98.0,32.2421875,47,NPU:0
PTA,1773303881858260.380	,36.24267578125,98.0,36.24267578125,47,NPU:0
PTA+GE,1773303881858260.380	,36.24267578125,98.0,36.24267578125,47,NPU:0
PTA,1773303881858297.950	,32.2421875,98.0,32.2421875,47,NPU:0
PTA+GE,1773303881858297.950	,32.2421875,98.0,32.2421875,47,NPU:0
PTA,1773303881858300.210	,32.2421875,98.0,32.2421875,47,NPU:0
PTA+GE,1773303881858300.210	,32.2421875,98.0,32.2421875,47,NPU:0
PTA,1773303881858304.030	,28.24169921875,98.0,28.24169921875,47,NPU:0
PTA+GE,1773303881858304.030	,28.24169921875,98.0,28.24169921875,47,NPU:0
PTA,1773303881858306.200	,28.24169921875,98.0,28.24169921875,47,NPU:0
PTA+GE,1773303881858306.200	,28.24169921875,98.0,28.24169921875,47,NPU:0
PTA,1773303881858339.500	,32.2421875,98.0,32.2421875,47,NPU:0
PTA+GE,1773303881858339.500	,32.2421875,98.0,32.2421875,47,NPU:0
PTA,1773303881858372.490	,28.24169921875,98.0,28.24169921875,47,NPU:0
PTA+GE,1773303881858372.490	,28.24169921875,98.0,28.24169921875,47,NPU:0
PTA,1773303881858374.820	,28.24169921875,98.0,28.24169921875,47,NPU:0
PTA+GE,1773303881858374.820	,28.24169921875,98.0,28.24169921875,47,NPU:0
PTA,1773303881858444.100	,32.2421875,98.0,32.2421875,47,NPU:0
PTA+GE,1773303881858444.100	,32.2421875,98.0,32.2421875,47,NPU:0
PTA,1773303881858482.680	,28.24169921875,98.0,28.24169921875,47,NPU:0
PTA+GE,1773303881858482.680	,28.24169921875,98.0,28.24169921875,47,NPU:0
PTA,1773303881858484.430	,28.24169921875,98.0,28.24169921875,47,NPU:0
PTA+GE,1773303881858484.430	,28.24169921875,98.0,28.24169921875,47,NPU:0
PTA,1773303881858490.840	,24.2412109375,98.0,24.2412109375,47,NPU:0
PTA+GE,1773303881858490.840	,24.2412109375,98.0,24.2412109375,47,NPU:0
PTA,1773303881858492.480	,24.2412109375,98.0,24.2412109375,47,NPU:0
PTA+GE,1773303881858492.480	,24.2412109375,98.0,24.2412109375,47,NPU:0
PTA,1773303881858556.170	,28.24169921875,98.0,28.24169921875,47,NPU:0
PTA+GE,1773303881858556.170	,28.24169921875,98.0,28.24169921875,47,NPU:0
PTA,1773303881858600.000	,32.2421875,98.0,32.2421875,47,NPU:0
PTA+GE,1773303881858600.000	,32.2421875,98.0,32.2421875,47,NPU:0
PTA,1773303881858634.960	,36.24267578125,98.0,36.24267578125,47,NPU:0
PTA+GE,1773303881858634.960	,36.24267578125,98.0,36.24267578125,47,NPU:0
PTA,1773303881858685.450	,40.2431640625,98.0,40.2431640625,47,NPU:0
PTA+GE,1773303881858685.450	,40.2431640625,98.0,40.2431640625,47,NPU:0
PTA,1773303881858711.790	,36.24267578125,98.0,36.24267578125,47,NPU:0
PTA+GE,1773303881858711.790	,36.24267578125,98.0,36.24267578125,47,NPU:0
PTA,1773303881858714.250	,36.24267578125,98.0,36.24267578125,47,NPU:0
PTA+GE,1773303881858714.250	,36.24267578125,98.0,36.24267578125,47,NPU:0
PTA,1773303881858717.530	,32.2421875,98.0,32.2421875,47,NPU:0
PTA+GE,1773303881858717.530	,32.2421875,98.0,32.2421875,47,NPU:0
PTA,1773303881858719.120	,32.2421875,98.0,32.2421875,47,NPU:0
PTA+GE,1773303881858719.120	,32.2421875,98.0,32.2421875,47,NPU:0
PTA,1773303881858722.850	,28.24169921875,98.0,28.24169921875,47,NPU:0
PTA+GE,1773303881858722.850	,28.24169921875,98.0,28.24169921875,47,NPU:0
PTA,1773303881858724.740	,28.24169921875,98.0,28.24169921875,47,NPU:0
PTA+GE,1773303881858724.740	,28.24169921875,98.0,28.24169921875,47,NPU:0
PTA,1773303881858740.680	,32.2421875,98.0,32.2421875,47,NPU:0
PTA+GE,1773303881858740.680	,32.2421875,98.0,32.2421875,47,NPU:0
PTA,1773303881858794.360	,32.27392578125,98.0,32.27392578125,47,NPU:0
PTA+GE,1773303881858794.360	,32.27392578125,98.0,32.27392578125,47,NPU:0
PTA,1773303881858809.550	,32.275390625,98.0,32.275390625,47,NPU:0
PTA+GE,1773303881858809.550	,32.275390625,98.0,32.275390625,47,NPU:0
PTA,1773303881858829.670	,32.27392578125,98.0,32.27392578125,47,NPU:0
PTA+GE,1773303881858829.670	,32.27392578125,98.0,32.27392578125,47,NPU:0
PTA,1773303881858832.400	,32.27392578125,98.0,32.27392578125,47,NPU:0
PTA+GE,1773303881858832.400	,32.27392578125,98.0,32.27392578125,47,NPU:0
PTA,1773303881858846.620	,28.2734375,98.0,28.2734375,47,NPU:0
PTA+GE,1773303881858846.620	,28.2734375,98.0,28.2734375,47,NPU:0
PTA,1773303881858849.200	,28.2734375,98.0,28.2734375,47,NPU:0
PTA+GE,1773303881858849.200	,28.2734375,98.0,28.2734375,47,NPU:0
PTA,1773303881858856.170	,24.27294921875,98.0,24.27294921875,47,NPU:0
PTA+GE,1773303881858856.170	,24.27294921875,98.0,24.27294921875,47,NPU:0
PTA,1773303881858857.970	,24.27294921875,98.0,24.27294921875,47,NPU:0
PTA+GE,1773303881858857.970	,24.27294921875,98.0,24.27294921875,47,NPU:0
PTA,1773303881858869.790	,24.2412109375,98.0,24.2412109375,47,NPU:0
PTA+GE,1773303881858869.790	,24.2412109375,98.0,24.2412109375,47,NPU:0
PTA,1773303881858871.740	,24.2412109375,98.0,24.2412109375,47,NPU:0
PTA+GE,1773303881858871.740	,24.2412109375,98.0,24.2412109375,47,NPU:0
PTA,1773303881858876.740	,20.24072265625,98.0,20.24072265625,47,NPU:0
PTA+GE,1773303881858876.740	,20.24072265625,98.0,20.24072265625,47,NPU:0
PTA,1773303881858879.530	,20.24072265625,98.0,20.24072265625,47,NPU:0
PTA+GE,1773303881858879.530	,20.24072265625,98.0,20.24072265625,47,NPU:0
PTA,1773303881858927.490	,20.208984375,98.0,20.208984375,47,NPU:0
PTA+GE,1773303881858927.490	,20.208984375,98.0,20.208984375,47,NPU:0
PTA,1773303881858934.800	,20.208984375,98.0,20.208984375,47,NPU:0
PTA+GE,1773303881858934.800	,20.208984375,98.0,20.208984375,47,NPU:0
PTA,1773303881858984.960	,20.24072265625,98.0,20.24072265625,47,NPU:0
PTA+GE,1773303881858984.960	,20.24072265625,98.0,20.24072265625,47,NPU:0
PTA,1773303881859011.380	,20.3671875,98.0,20.3671875,47,NPU:0
PTA+GE,1773303881859011.380	,20.3671875,98.0,20.3671875,47,NPU:0
PTA,1773303881859031.350	,20.24072265625,98.0,20.24072265625,47,NPU:0
PTA+GE,1773303881859031.350	,20.24072265625,98.0,20.24072265625,47,NPU:0
PTA,1773303881859033.800	,20.24072265625,98.0,20.24072265625,47,NPU:0
PTA+GE,1773303881859033.800	,20.24072265625,98.0,20.24072265625,47,NPU:0
PTA,1773303881859043.470	,20.208984375,98.0,20.208984375,47,NPU:0
PTA+GE,1773303881859043.470	,20.208984375,98.0,20.208984375,47,NPU:0
PTA,1773303881859045.650	,20.208984375,98.0,20.208984375,47,NPU:0
PTA+GE,1773303881859045.650	,20.208984375,98.0,20.208984375,47,NPU:0
PTA,1773303881859090.240	,24.20947265625,98.0,24.20947265625,47,NPU:0
PTA+GE,1773303881859090.240	,24.20947265625,98.0,24.20947265625,47,NPU:0
PTA,1773303881859137.750	,24.2412109375,98.0,24.2412109375,47,NPU:0
PTA+GE,1773303881859137.750	,24.2412109375,98.0,24.2412109375,47,NPU:0
PTA,1773303881859151.840	,24.24267578125,98.0,24.24267578125,47,NPU:0
PTA+GE,1773303881859151.840	,24.24267578125,98.0,24.24267578125,47,NPU:0
PTA,1773303881859168.570	,24.2412109375,98.0,24.2412109375,47,NPU:0
PTA+GE,1773303881859168.570	,24.2412109375,98.0,24.2412109375,47,NPU:0
PTA,1773303881859170.720	,24.2412109375,98.0,24.2412109375,47,NPU:0
PTA+GE,1773303881859170.720	,24.2412109375,98.0,24.2412109375,47,NPU:0
PTA,1773303881859175.750	,20.24072265625,98.0,20.24072265625,47,NPU:0
PTA+GE,1773303881859175.750	,20.24072265625,98.0,20.24072265625,47,NPU:0
PTA,1773303881859177.440	,20.24072265625,98.0,20.24072265625,47,NPU:0
PTA+GE,1773303881859177.440	,20.24072265625,98.0,20.24072265625,47,NPU:0
PTA,1773303881859230.540	,20.208984375,98.0,20.208984375,47,NPU:0
PTA+GE,1773303881859230.540	,20.208984375,98.0,20.208984375,47,NPU:0
PTA,1773303881859232.890	,20.208984375,98.0,20.208984375,47,NPU:0
PTA+GE,1773303881859232.890	,20.208984375,98.0,20.208984375,47,NPU:0
PTA,1773303881859298.240	,20.17724609375,98.0,20.17724609375,47,NPU:0
PTA+GE,1773303881859298.240	,20.17724609375,98.0,20.17724609375,47,NPU:0
PTA,1773303881859300.780	,20.17724609375,98.0,20.17724609375,47,NPU:0
PTA+GE,1773303881859300.780	,20.17724609375,98.0,20.17724609375,47,NPU:0
PTA,1773303881859408.740	,16.1767578125,98.0,16.1767578125,47,NPU:0
PTA+GE,1773303881859408.740	,16.1767578125,98.0,16.1767578125,47,NPU:0
PTA,1773303881859411.710	,16.1767578125,98.0,16.1767578125,47,NPU:0
PTA+GE,1773303881859411.710	,16.1767578125,98.0,16.1767578125,47,NPU:0
PTA,1773303881859476.080	,16.17724609375,98.0,16.17724609375,47,NPU:0
PTA+GE,1773303881859476.080	,16.17724609375,98.0,16.17724609375,47,NPU:0
PTA,1773303881859535.230	,16.208984375,98.0,16.208984375,47,NPU:0
PTA+GE,1773303881859535.230	,16.208984375,98.0,16.208984375,47,NPU:0
PTA,1773303881859566.210	,16.20849609375,98.0,16.20849609375,47,NPU:0
PTA+GE,1773303881859566.210	,16.20849609375,98.0,16.20849609375,47,NPU:0
PTA,1773303881859568.250	,16.20849609375,98.0,16.20849609375,47,NPU:0
PTA+GE,1773303881859568.250	,16.20849609375,98.0,16.20849609375,47,NPU:0
PTA,1773303881859577.660	,16.1767578125,98.0,16.1767578125,47,NPU:0
PTA+GE,1773303881859577.660	,16.1767578125,98.0,16.1767578125,47,NPU:0
PTA,1773303881859579.760	,16.1767578125,98.0,16.1767578125,47,NPU:0
PTA+GE,1773303881859579.760	,16.1767578125,98.0,16.1767578125,47,NPU:0
PTA,1773303881859591.150	,16.16064453125,98.0,16.16064453125,47,NPU:0
PTA+GE,1773303881859591.150	,16.16064453125,98.0,16.16064453125,47,NPU:0
PTA,1773303881859593.010	,16.16064453125,98.0,16.16064453125,47,NPU:0
PTA+GE,1773303881859593.010	,16.16064453125,98.0,16.16064453125,47,NPU:0
PTA,1773303881859659.440	,16.12890625,98.0,16.12890625,47,NPU:0
PTA+GE,1773303881859659.440	,16.12890625,98.0,16.12890625,47,NPU:0
PTA,1773303881859661.670	,16.12890625,98.0,16.12890625,47,NPU:0
PTA+GE,1773303881859661.670	,16.12890625,98.0,16.12890625,47,NPU:0
PTA,1773303881860102.420	,16.12939453125,98.0,16.12939453125,47,NPU:0
PTA+GE,1773303881860102.420	,16.12939453125,98.0,16.12939453125,47,NPU:0
PTA,1773303881860239.570	,16.1455078125,98.0,16.1455078125,47,NPU:0
PTA+GE,1773303881860239.570	,16.1455078125,98.0,16.1455078125,47,NPU:0
PTA,1773303881860261.330	,16.208984375,98.0,16.208984375,47,NPU:0
PTA+GE,1773303881860261.330	,16.208984375,98.0,16.208984375,47,NPU:0
PTA,1773303881860287.380	,16.1455078125,98.0,16.1455078125,47,NPU:0
PTA+GE,1773303881860287.380	,16.1455078125,98.0,16.1455078125,47,NPU:0
PTA,1773303881860288.970	,16.1455078125,98.0,16.1455078125,47,NPU:0
PTA+GE,1773303881860288.970	,16.1455078125,98.0,16.1455078125,47,NPU:0
PTA,1773303881860323.660	,16.17724609375,98.0,16.17724609375,47,NPU:0
PTA+GE,1773303881860323.660	,16.17724609375,98.0,16.17724609375,47,NPU:0
PTA,1773303881860340.360	,16.3037109375,98.0,16.3037109375,47,NPU:0
PTA+GE,1773303881860340.360	,16.3037109375,98.0,16.3037109375,47,NPU:0
PTA,1773303881860377.140	,16.17724609375,98.0,16.17724609375,47,NPU:0
PTA+GE,1773303881860377.140	,16.17724609375,98.0,16.17724609375,47,NPU:0
PTA,1773303881860378.680	,16.17724609375,98.0,16.17724609375,47,NPU:0
PTA+GE,1773303881860378.680	,16.17724609375,98.0,16.17724609375,47,NPU:0
PTA,1773303881860448.320	,20.177734375,98.0,20.177734375,47,NPU:0
PTA+GE,1773303881860448.320	,20.177734375,98.0,20.177734375,47,NPU:0
PTA,1773303881860517.470	,20.20947265625,98.0,20.20947265625,47,NPU:0
PTA+GE,1773303881860517.470	,20.20947265625,98.0,20.20947265625,47,NPU:0
PTA,1773303881860540.230	,20.3359375,98.0,20.3359375,47,NPU:0
PTA+GE,1773303881860540.230	,20.3359375,98.0,20.3359375,47,NPU:0
PTA,1773303881860561.740	,20.20947265625,98.0,20.20947265625,47,NPU:0
PTA+GE,1773303881860561.740	,20.20947265625,98.0,20.20947265625,47,NPU:0
PTA,1773303881860563.240	,20.20947265625,98.0,20.20947265625,47,NPU:0
PTA+GE,1773303881860563.240	,20.20947265625,98.0,20.20947265625,47,NPU:0
PTA,1773303881860593.220	,24.2099609375,98.0,24.2099609375,47,NPU:0
PTA+GE,1773303881860593.220	,24.2099609375,98.0,24.2099609375,47,NPU:0
PTA,1773303881860673.730	,28.21044921875,98.0,28.21044921875,47,NPU:0
PTA+GE,1773303881860673.730	,28.21044921875,98.0,28.21044921875,47,NPU:0
PTA,1773303881860740.760	,32.2109375,98.0,32.2109375,47,NPU:0
PTA+GE,1773303881860740.760	,32.2109375,98.0,32.2109375,47,NPU:0
PTA,1773303881860783.800	,28.21044921875,98.0,28.21044921875,47,NPU:0
PTA+GE,1773303881860783.800	,28.21044921875,98.0,28.21044921875,47,NPU:0
PTA,1773303881860786.510	,28.21044921875,98.0,28.21044921875,47,NPU:0
PTA+GE,1773303881860786.510	,28.21044921875,98.0,28.21044921875,47,NPU:0
PTA,1773303881860818.940	,32.2109375,98.0,32.2109375,47,NPU:0
PTA+GE,1773303881860818.940	,32.2109375,98.0,32.2109375,47,NPU:0
PTA,1773303881860863.900	,28.21044921875,98.0,28.21044921875,47,NPU:0
PTA+GE,1773303881860863.900	,28.21044921875,98.0,28.21044921875,47,NPU:0
PTA,1773303881860865.890	,28.21044921875,98.0,28.21044921875,47,NPU:0
PTA+GE,1773303881860865.890	,28.21044921875,98.0,28.21044921875,47,NPU:0
PTA,1773303881860900.180	,32.2109375,98.0,32.2109375,47,NPU:0
PTA+GE,1773303881860900.180	,32.2109375,98.0,32.2109375,47,NPU:0
PTA,1773303881860950.880	,36.21142578125,98.0,36.21142578125,47,NPU:0
PTA+GE,1773303881860950.880	,36.21142578125,98.0,36.21142578125,47,NPU:0
PTA,1773303881861005.030	,32.2109375,98.0,32.2109375,47,NPU:0
PTA+GE,1773303881861005.030	,32.2109375,98.0,32.2109375,47,NPU:0
PTA,1773303881861007.130	,32.2109375,98.0,32.2109375,47,NPU:0
PTA+GE,1773303881861007.130	,32.2109375,98.0,32.2109375,47,NPU:0
PTA,1773303881861036.910	,36.21142578125,98.0,36.21142578125,47,NPU:0
PTA+GE,1773303881861036.910	,36.21142578125,98.0,36.21142578125,47,NPU:0
PTA,1773303881861075.950	,32.2109375,98.0,32.2109375,47,NPU:0
PTA+GE,1773303881861075.950	,32.2109375,98.0,32.2109375,47,NPU:0
PTA,1773303881861078.640	,32.2109375,98.0,32.2109375,47,NPU:0
PTA+GE,1773303881861078.640	,32.2109375,98.0,32.2109375,47,NPU:0
PTA,1773303881861111.110	,36.21142578125,98.0,36.21142578125,47,NPU:0
PTA+GE,1773303881861111.110	,36.21142578125,98.0,36.21142578125,47,NPU:0
PTA,1773303881861133.030	,52.212890625,98.0,52.212890625,47,NPU:0
PTA+GE,1773303881861133.030	,52.212890625,98.0,52.212890625,47,NPU:0
PTA,1773303881861151.950	,36.21142578125,98.0,36.21142578125,47,NPU:0
PTA+GE,1773303881861151.950	,36.21142578125,98.0,36.21142578125,47,NPU:0
PTA,1773303881861154.410	,36.21142578125,98.0,36.21142578125,47,NPU:0
PTA+GE,1773303881861154.410	,36.21142578125,98.0,36.21142578125,47,NPU:0
PTA,1773303881861166.830	,32.2109375,98.0,32.2109375,47,NPU:0
PTA+GE,1773303881861166.830	,32.2109375,98.0,32.2109375,47,NPU:0
PTA,1773303881861168.790	,32.2109375,98.0,32.2109375,47,NPU:0
PTA+GE,1773303881861168.790	,32.2109375,98.0,32.2109375,47,NPU:0
PTA,1773303881861221.000	,36.21142578125,98.0,36.21142578125,47,NPU:0
PTA+GE,1773303881861221.000	,36.21142578125,98.0,36.21142578125,47,NPU:0
PTA,1773303881861266.470	,32.2109375,98.0,32.2109375,47,NPU:0
PTA+GE,1773303881861266.470	,32.2109375,98.0,32.2109375,47,NPU:0
PTA,1773303881861269.370	,32.2109375,98.0,32.2109375,47,NPU:0
PTA+GE,1773303881861269.370	,32.2109375,98.0,32.2109375,47,NPU:0
PTA,1773303881861289.490	,36.21142578125,98.0,36.21142578125,47,NPU:0
PTA+GE,1773303881861289.490	,36.21142578125,98.0,36.21142578125,47,NPU:0
PTA,1773303881861335.140	,40.2119140625,98.0,40.2119140625,47,NPU:0
PTA+GE,1773303881861335.140	,40.2119140625,98.0,40.2119140625,47,NPU:0
PTA,1773303881861368.240	,36.21142578125,98.0,36.21142578125,47,NPU:0
PTA+GE,1773303881861368.240	,36.21142578125,98.0,36.21142578125,47,NPU:0
PTA,1773303881861370.650	,36.21142578125,98.0,36.21142578125,47,NPU:0
PTA+GE,1773303881861370.650	,36.21142578125,98.0,36.21142578125,47,NPU:0
PTA,1773303881861410.290	,40.2119140625,98.0,40.2119140625,47,NPU:0
PTA+GE,1773303881861410.290	,40.2119140625,98.0,40.2119140625,47,NPU:0
PTA,1773303881861444.780	,36.21142578125,98.0,36.21142578125,47,NPU:0
PTA+GE,1773303881861444.780	,36.21142578125,98.0,36.21142578125,47,NPU:0
PTA,1773303881861446.970	,36.21142578125,98.0,36.21142578125,47,NPU:0
PTA+GE,1773303881861446.970	,36.21142578125,98.0,36.21142578125,47,NPU:0
PTA,1773303881861452.710	,32.2109375,98.0,32.2109375,47,NPU:0
PTA+GE,1773303881861452.710	,32.2109375,98.0,32.2109375,47,NPU:0
PTA,1773303881861454.700	,32.2109375,98.0,32.2109375,47,NPU:0
PTA+GE,1773303881861454.700	,32.2109375,98.0,32.2109375,47,NPU:0
PTA,1773303881861481.850	,36.21142578125,98.0,36.21142578125,47,NPU:0
PTA+GE,1773303881861481.850	,36.21142578125,98.0,36.21142578125,47,NPU:0
PTA,1773303881861560.490	,40.2119140625,98.0,40.2119140625,47,NPU:0
PTA+GE,1773303881861560.490	,40.2119140625,98.0,40.2119140625,47,NPU:0
PTA,1773303881861602.470	,36.21142578125,98.0,36.21142578125,47,NPU:0
PTA+GE,1773303881861602.470	,36.21142578125,98.0,36.21142578125,47,NPU:0
PTA,1773303881861605.210	,36.21142578125,98.0,36.21142578125,47,NPU:0
PTA+GE,1773303881861605.210	,36.21142578125,98.0,36.21142578125,47,NPU:0
PTA,1773303881861610.890	,32.2109375,98.0,32.2109375,47,NPU:0
PTA+GE,1773303881861610.890	,32.2109375,98.0,32.2109375,47,NPU:0
PTA,1773303881861612.760	,32.2109375,98.0,32.2109375,47,NPU:0
PTA+GE,1773303881861612.760	,32.2109375,98.0,32.2109375,47,NPU:0
PTA,1773303881861634.140	,36.21142578125,98.0,36.21142578125,47,NPU:0
PTA+GE,1773303881861634.140	,36.21142578125,98.0,36.21142578125,47,NPU:0
PTA,1773303881861680.710	,40.2119140625,98.0,40.2119140625,47,NPU:0
PTA+GE,1773303881861680.710	,40.2119140625,98.0,40.2119140625,47,NPU:0
PTA,1773303881861713.720	,36.21142578125,98.0,36.21142578125,47,NPU:0
PTA+GE,1773303881861713.720	,36.21142578125,98.0,36.21142578125,47,NPU:0
PTA,1773303881861715.950	,36.21142578125,98.0,36.21142578125,47,NPU:0
PTA+GE,1773303881861715.950	,36.21142578125,98.0,36.21142578125,47,NPU:0
PTA,1773303881861767.600	,36.1796875,98.0,36.1796875,47,NPU:0
PTA+GE,1773303881861767.600	,36.1796875,98.0,36.1796875,47,NPU:0
PTA,1773303881861769.850	,36.1796875,98.0,36.1796875,47,NPU:0
PTA+GE,1773303881861769.850	,36.1796875,98.0,36.1796875,47,NPU:0
PTA,1773303881861774.990	,36.17919921875,98.0,36.17919921875,47,NPU:0
PTA+GE,1773303881861774.990	,36.17919921875,98.0,36.17919921875,47,NPU:0
PTA,1773303881861776.420	,36.17919921875,98.0,36.17919921875,47,NPU:0
PTA+GE,1773303881861776.420	,36.17919921875,98.0,36.17919921875,47,NPU:0
PTA,1773303881861801.730	,32.1787109375,98.0,32.1787109375,47,NPU:0
PTA+GE,1773303881861801.730	,32.1787109375,98.0,32.1787109375,47,NPU:0
PTA,1773303881861803.560	,32.1787109375,98.0,32.1787109375,47,NPU:0
PTA+GE,1773303881861803.560	,32.1787109375,98.0,32.1787109375,47,NPU:0
PTA,1773303881862137.920	,32.21044921875,98.0,32.21044921875,47,NPU:0
PTA+GE,1773303881862137.920	,32.21044921875,98.0,32.21044921875,47,NPU:0
PTA,1773303881862182.670	,32.2119140625,98.0,32.2119140625,47,NPU:0
PTA+GE,1773303881862182.670	,32.2119140625,98.0,32.2119140625,47,NPU:0
PTA,1773303881862210.370	,32.21044921875,98.0,32.21044921875,47,NPU:0
PTA+GE,1773303881862210.370	,32.21044921875,98.0,32.21044921875,47,NPU:0
PTA,1773303881862211.970	,32.21044921875,98.0,32.21044921875,47,NPU:0
PTA+GE,1773303881862211.970	,32.21044921875,98.0,32.21044921875,47,NPU:0
PTA,1773303881862269.940	,36.2109375,98.0,36.2109375,47,NPU:0
PTA+GE,1773303881862269.940	,36.2109375,98.0,36.2109375,47,NPU:0
PTA,1773303881862315.520	,40.21142578125,98.0,40.21142578125,47,NPU:0
PTA+GE,1773303881862315.520	,40.21142578125,98.0,40.21142578125,47,NPU:0
PTA,1773303881862349.620	,40.2431640625,98.0,40.2431640625,47,NPU:0
PTA+GE,1773303881862349.620	,40.2431640625,98.0,40.2431640625,47,NPU:0
PTA,1773303881862362.820	,40.24462890625,98.0,40.24462890625,47,NPU:0
PTA+GE,1773303881862362.820	,40.24462890625,98.0,40.24462890625,47,NPU:0
PTA,1773303881862380.000	,40.2431640625,98.0,40.2431640625,47,NPU:0
PTA+GE,1773303881862380.000	,40.2431640625,98.0,40.2431640625,47,NPU:0
PTA,1773303881862382.070	,40.2431640625,98.0,40.2431640625,47,NPU:0
PTA+GE,1773303881862382.070	,40.2431640625,98.0,40.2431640625,47,NPU:0
PTA,1773303881862387.580	,36.24267578125,98.0,36.24267578125,47,NPU:0
PTA+GE,1773303881862387.580	,36.24267578125,98.0,36.24267578125,47,NPU:0
PTA,1773303881862389.140	,36.24267578125,98.0,36.24267578125,47,NPU:0
PTA+GE,1773303881862389.140	,36.24267578125,98.0,36.24267578125,47,NPU:0
PTA,1773303881862403.900	,32.2421875,98.0,32.2421875,47,NPU:0
PTA+GE,1773303881862403.900	,32.2421875,98.0,32.2421875,47,NPU:0
PTA,1773303881862405.860	,32.2421875,98.0,32.2421875,47,NPU:0
PTA+GE,1773303881862405.860	,32.2421875,98.0,32.2421875,47,NPU:0
PTA,1773303881862450.970	,36.24267578125,98.0,36.24267578125,47,NPU:0
PTA+GE,1773303881862450.970	,36.24267578125,98.0,36.24267578125,47,NPU:0
PTA,1773303881862506.950	,32.2421875,98.0,32.2421875,47,NPU:0
PTA+GE,1773303881862506.950	,32.2421875,98.0,32.2421875,47,NPU:0
PTA,1773303881862509.200	,32.2421875,98.0,32.2421875,47,NPU:0
PTA+GE,1773303881862509.200	,32.2421875,98.0,32.2421875,47,NPU:0
PTA,1773303881862598.930	,36.24267578125,98.0,36.24267578125,47,NPU:0
PTA+GE,1773303881862598.930	,36.24267578125,98.0,36.24267578125,47,NPU:0
PTA,1773303881862636.990	,52.244140625,98.0,52.244140625,47,NPU:0
PTA+GE,1773303881862636.990	,52.244140625,98.0,52.244140625,47,NPU:0
PTA,1773303881862656.430	,36.24267578125,98.0,36.24267578125,47,NPU:0
PTA+GE,1773303881862656.430	,36.24267578125,98.0,36.24267578125,47,NPU:0
PTA,1773303881862658.310	,36.24267578125,98.0,36.24267578125,47,NPU:0
PTA+GE,1773303881862658.310	,36.24267578125,98.0,36.24267578125,47,NPU:0
PTA,1773303881862667.560	,32.2421875,98.0,32.2421875,47,NPU:0
PTA+GE,1773303881862667.560	,32.2421875,98.0,32.2421875,47,NPU:0
PTA,1773303881862669.800	,32.2421875,98.0,32.2421875,47,NPU:0
PTA+GE,1773303881862669.800	,32.2421875,98.0,32.2421875,47,NPU:0
PTA,1773303881862713.050	,36.24267578125,98.0,36.24267578125,47,NPU:0
PTA+GE,1773303881862713.050	,36.24267578125,98.0,36.24267578125,47,NPU:0
PTA,1773303881862747.130	,32.2421875,98.0,32.2421875,47,NPU:0
PTA+GE,1773303881862747.130	,32.2421875,98.0,32.2421875,47,NPU:0
PTA,1773303881862749.730	,32.2421875,98.0,32.2421875,47,NPU:0
PTA+GE,1773303881862749.730	,32.2421875,98.0,32.2421875,47,NPU:0
PTA,1773303881862812.760	,36.24267578125,98.0,36.24267578125,47,NPU:0
PTA+GE,1773303881862812.760	,36.24267578125,98.0,36.24267578125,47,NPU:0
PTA,1773303881862851.650	,32.2421875,98.0,32.2421875,47,NPU:0
PTA+GE,1773303881862851.650	,32.2421875,98.0,32.2421875,47,NPU:0
PTA,1773303881862853.790	,32.2421875,98.0,32.2421875,47,NPU:0
PTA+GE,1773303881862853.790	,32.2421875,98.0,32.2421875,47,NPU:0
PTA,1773303881862859.270	,28.24169921875,98.0,28.24169921875,47,NPU:0
PTA+GE,1773303881862859.270	,28.24169921875,98.0,28.24169921875,47,NPU:0
PTA,1773303881862861.200	,28.24169921875,98.0,28.24169921875,47,NPU:0
PTA+GE,1773303881862861.200	,28.24169921875,98.0,28.24169921875,47,NPU:0
PTA,1773303881862899.230	,32.2421875,98.0,32.2421875,47,NPU:0
PTA+GE,1773303881862899.230	,32.2421875,98.0,32.2421875,47,NPU:0
PTA,1773303881862932.910	,28.24169921875,98.0,28.24169921875,47,NPU:0
PTA+GE,1773303881862932.910	,28.24169921875,98.0,28.24169921875,47,NPU:0
PTA,1773303881862935.060	,28.24169921875,98.0,28.24169921875,47,NPU:0
PTA+GE,1773303881862935.060	,28.24169921875,98.0,28.24169921875,47,NPU:0
PTA,1773303881863002.060	,32.2421875,98.0,32.2421875,47,NPU:0
PTA+GE,1773303881863002.060	,32.2421875,98.0,32.2421875,47,NPU:0
PTA,1773303881863041.210	,28.24169921875,98.0,28.24169921875,47,NPU:0
PTA+GE,1773303881863041.210	,28.24169921875,98.0,28.24169921875,47,NPU:0
PTA,1773303881863043.440	,28.24169921875,98.0,28.24169921875,47,NPU:0
PTA+GE,1773303881863043.440	,28.24169921875,98.0,28.24169921875,47,NPU:0
PTA,1773303881863047.710	,24.2412109375,98.0,24.2412109375,47,NPU:0
PTA+GE,1773303881863047.710	,24.2412109375,98.0,24.2412109375,47,NPU:0
PTA,1773303881863049.730	,24.2412109375,98.0,24.2412109375,47,NPU:0
PTA+GE,1773303881863049.730	,24.2412109375,98.0,24.2412109375,47,NPU:0
PTA,1773303881863104.300	,28.24169921875,98.0,28.24169921875,47,NPU:0
PTA+GE,1773303881863104.300	,28.24169921875,98.0,28.24169921875,47,NPU:0
PTA,1773303881863147.530	,32.2421875,98.0,32.2421875,47,NPU:0
PTA+GE,1773303881863147.530	,32.2421875,98.0,32.2421875,47,NPU:0
PTA,1773303881863199.990	,36.24267578125,98.0,36.24267578125,47,NPU:0
PTA+GE,1773303881863199.990	,36.24267578125,98.0,36.24267578125,47,NPU:0
PTA,1773303881863236.390	,40.2431640625,98.0,40.2431640625,47,NPU:0
PTA+GE,1773303881863236.390	,40.2431640625,98.0,40.2431640625,47,NPU:0
PTA,1773303881863262.080	,36.24267578125,98.0,36.24267578125,47,NPU:0
PTA+GE,1773303881863262.080	,36.24267578125,98.0,36.24267578125,47,NPU:0
PTA,1773303881863264.550	,36.24267578125,98.0,36.24267578125,47,NPU:0
PTA+GE,1773303881863264.550	,36.24267578125,98.0,36.24267578125,47,NPU:0
PTA,1773303881863267.930	,32.2421875,98.0,32.2421875,47,NPU:0
PTA+GE,1773303881863267.930	,32.2421875,98.0,32.2421875,47,NPU:0
PTA,1773303881863269.530	,32.2421875,98.0,32.2421875,47,NPU:0
PTA+GE,1773303881863269.530	,32.2421875,98.0,32.2421875,47,NPU:0
PTA,1773303881863272.930	,28.24169921875,98.0,28.24169921875,47,NPU:0
PTA+GE,1773303881863272.930	,28.24169921875,98.0,28.24169921875,47,NPU:0
PTA,1773303881863274.820	,28.24169921875,98.0,28.24169921875,47,NPU:0
PTA+GE,1773303881863274.820	,28.24169921875,98.0,28.24169921875,47,NPU:0
PTA,1773303881863288.070	,32.2421875,98.0,32.2421875,47,NPU:0
PTA+GE,1773303881863288.070	,32.2421875,98.0,32.2421875,47,NPU:0
PTA,1773303881863330.330	,32.27392578125,98.0,32.27392578125,47,NPU:0
PTA+GE,1773303881863330.330	,32.27392578125,98.0,32.27392578125,47,NPU:0
PTA,1773303881863343.090	,32.275390625,98.0,32.275390625,47,NPU:0
PTA+GE,1773303881863343.090	,32.275390625,98.0,32.275390625,47,NPU:0
PTA,1773303881863360.330	,32.27392578125,98.0,32.27392578125,47,NPU:0
PTA+GE,1773303881863360.330	,32.27392578125,98.0,32.27392578125,47,NPU:0
PTA,1773303881863362.860	,32.27392578125,98.0,32.27392578125,47,NPU:0
PTA+GE,1773303881863362.860	,32.27392578125,98.0,32.27392578125,47,NPU:0
PTA,1773303881863369.330	,28.2734375,98.0,28.2734375,47,NPU:0
PTA+GE,1773303881863369.330	,28.2734375,98.0,28.2734375,47,NPU:0
PTA,1773303881863370.970	,28.2734375,98.0,28.2734375,47,NPU:0
PTA+GE,1773303881863370.970	,28.2734375,98.0,28.2734375,47,NPU:0
PTA,1773303881863376.230	,24.27294921875,98.0,24.27294921875,47,NPU:0
PTA+GE,1773303881863376.230	,24.27294921875,98.0,24.27294921875,47,NPU:0
PTA,1773303881863378.030	,24.27294921875,98.0,24.27294921875,47,NPU:0
PTA+GE,1773303881863378.030	,24.27294921875,98.0,24.27294921875,47,NPU:0
PTA,1773303881863389.450	,24.2412109375,98.0,24.2412109375,47,NPU:0
PTA+GE,1773303881863389.450	,24.2412109375,98.0,24.2412109375,47,NPU:0
PTA,1773303881863391.590	,24.2412109375,98.0,24.2412109375,47,NPU:0
PTA+GE,1773303881863391.590	,24.2412109375,98.0,24.2412109375,47,NPU:0
PTA,1773303881863396.690	,20.24072265625,98.0,20.24072265625,47,NPU:0
PTA+GE,1773303881863396.690	,20.24072265625,98.0,20.24072265625,47,NPU:0
PTA,1773303881863398.040	,20.24072265625,98.0,20.24072265625,47,NPU:0
PTA+GE,1773303881863398.040	,20.24072265625,98.0,20.24072265625,47,NPU:0
PTA,1773303881863443.150	,20.208984375,98.0,20.208984375,47,NPU:0
PTA+GE,1773303881863443.150	,20.208984375,98.0,20.208984375,47,NPU:0
PTA,1773303881863445.470	,20.208984375,98.0,20.208984375,47,NPU:0
PTA+GE,1773303881863445.470	,20.208984375,98.0,20.208984375,47,NPU:0
PTA,1773303881863494.360	,20.24072265625,98.0,20.24072265625,47,NPU:0
PTA+GE,1773303881863494.360	,20.24072265625,98.0,20.24072265625,47,NPU:0
PTA,1773303881863516.460	,20.3671875,98.0,20.3671875,47,NPU:0
PTA+GE,1773303881863516.460	,20.3671875,98.0,20.3671875,47,NPU:0
PTA,1773303881863534.410	,20.24072265625,98.0,20.24072265625,47,NPU:0
PTA+GE,1773303881863534.410	,20.24072265625,98.0,20.24072265625,47,NPU:0
PTA,1773303881863536.430	,20.24072265625,98.0,20.24072265625,47,NPU:0
PTA+GE,1773303881863536.430	,20.24072265625,98.0,20.24072265625,47,NPU:0
PTA,1773303881863547.640	,20.208984375,98.0,20.208984375,47,NPU:0
PTA+GE,1773303881863547.640	,20.208984375,98.0,20.208984375,47,NPU:0
PTA,1773303881863549.550	,20.208984375,98.0,20.208984375,47,NPU:0
PTA+GE,1773303881863549.550	,20.208984375,98.0,20.208984375,47,NPU:0
PTA,1773303881863594.960	,24.20947265625,98.0,24.20947265625,47,NPU:0
PTA+GE,1773303881863594.960	,24.20947265625,98.0,24.20947265625,47,NPU:0
PTA,1773303881863645.430	,24.2412109375,98.0,24.2412109375,47,NPU:0
PTA+GE,1773303881863645.430	,24.2412109375,98.0,24.2412109375,47,NPU:0
PTA,1773303881863658.600	,24.24267578125,98.0,24.24267578125,47,NPU:0
PTA+GE,1773303881863658.600	,24.24267578125,98.0,24.24267578125,47,NPU:0
PTA,1773303881863687.700	,24.2412109375,98.0,24.2412109375,47,NPU:0
PTA+GE,1773303881863687.700	,24.2412109375,98.0,24.2412109375,47,NPU:0
PTA,1773303881863689.580	,24.2412109375,98.0,24.2412109375,47,NPU:0
PTA+GE,1773303881863689.580	,24.2412109375,98.0,24.2412109375,47,NPU:0
PTA,1773303881863694.980	,20.24072265625,98.0,20.24072265625,47,NPU:0
PTA+GE,1773303881863694.980	,20.24072265625,98.0,20.24072265625,47,NPU:0
PTA,1773303881863697.860	,20.24072265625,98.0,20.24072265625,47,NPU:0
PTA+GE,1773303881863697.860	,20.24072265625,98.0,20.24072265625,47,NPU:0
PTA,1773303881863739.530	,20.208984375,98.0,20.208984375,47,NPU:0
PTA+GE,1773303881863739.530	,20.208984375,98.0,20.208984375,47,NPU:0
PTA,1773303881863741.960	,20.208984375,98.0,20.208984375,47,NPU:0
PTA+GE,1773303881863741.960	,20.208984375,98.0,20.208984375,47,NPU:0
PTA,1773303881863809.220	,20.17724609375,98.0,20.17724609375,47,NPU:0
PTA+GE,1773303881863809.220	,20.17724609375,98.0,20.17724609375,47,NPU:0
PTA,1773303881863811.520	,20.17724609375,98.0,20.17724609375,47,NPU:0
PTA+GE,1773303881863811.520	,20.17724609375,98.0,20.17724609375,47,NPU:0
PTA,1773303881863914.360	,16.1767578125,98.0,16.1767578125,47,NPU:0
PTA+GE,1773303881863914.360	,16.1767578125,98.0,16.1767578125,47,NPU:0
PTA,1773303881863916.250	,16.1767578125,98.0,16.1767578125,47,NPU:0
PTA+GE,1773303881863916.250	,16.1767578125,98.0,16.1767578125,47,NPU:0
PTA,1773303881863963.980	,16.17724609375,98.0,16.17724609375,47,NPU:0
PTA+GE,1773303881863963.980	,16.17724609375,98.0,16.17724609375,47,NPU:0
PTA,1773303881864018.270	,16.208984375,98.0,16.208984375,47,NPU:0
PTA+GE,1773303881864018.270	,16.208984375,98.0,16.208984375,47,NPU:0
PTA,1773303881864046.180	,16.20849609375,98.0,16.20849609375,47,NPU:0
PTA+GE,1773303881864046.180	,16.20849609375,98.0,16.20849609375,47,NPU:0
PTA,1773303881864048.650	,16.20849609375,98.0,16.20849609375,47,NPU:0
PTA+GE,1773303881864048.650	,16.20849609375,98.0,16.20849609375,47,NPU:0
PTA,1773303881864057.360	,16.1767578125,98.0,16.1767578125,47,NPU:0
PTA+GE,1773303881864057.360	,16.1767578125,98.0,16.1767578125,47,NPU:0
PTA,1773303881864059.190	,16.1767578125,98.0,16.1767578125,47,NPU:0
PTA+GE,1773303881864059.190	,16.1767578125,98.0,16.1767578125,47,NPU:0
PTA,1773303881864070.230	,16.16064453125,98.0,16.16064453125,47,NPU:0
PTA+GE,1773303881864070.230	,16.16064453125,98.0,16.16064453125,47,NPU:0
PTA,1773303881864071.630	,16.16064453125,98.0,16.16064453125,47,NPU:0
PTA+GE,1773303881864071.630	,16.16064453125,98.0,16.16064453125,47,NPU:0
PTA,1773303881864135.310	,16.12890625,98.0,16.12890625,47,NPU:0
PTA+GE,1773303881864135.310	,16.12890625,98.0,16.12890625,47,NPU:0
PTA,1773303881864137.470	,16.12890625,98.0,16.12890625,47,NPU:0
PTA+GE,1773303881864137.470	,16.12890625,98.0,16.12890625,47,NPU:0
PTA,1773303881864525.840	,16.12939453125,98.0,16.12939453125,47,NPU:0
PTA+GE,1773303881864525.840	,16.12939453125,98.0,16.12939453125,47,NPU:0
PTA,1773303881864649.780	,16.1455078125,98.0,16.1455078125,47,NPU:0
PTA+GE,1773303881864649.780	,16.1455078125,98.0,16.1455078125,47,NPU:0
PTA,1773303881864670.120	,16.208984375,98.0,16.208984375,47,NPU:0
PTA+GE,1773303881864670.120	,16.208984375,98.0,16.208984375,47,NPU:0
PTA,1773303881864705.030	,16.1455078125,98.0,16.1455078125,47,NPU:0
PTA+GE,1773303881864705.030	,16.1455078125,98.0,16.1455078125,47,NPU:0
PTA,1773303881864706.950	,16.1455078125,98.0,16.1455078125,47,NPU:0
PTA+GE,1773303881864706.950	,16.1455078125,98.0,16.1455078125,47,NPU:0
PTA,1773303881864740.250	,16.17724609375,98.0,16.17724609375,47,NPU:0
PTA+GE,1773303881864740.250	,16.17724609375,98.0,16.17724609375,47,NPU:0
PTA,1773303881864757.340	,16.3037109375,98.0,16.3037109375,47,NPU:0
PTA+GE,1773303881864757.340	,16.3037109375,98.0,16.3037109375,47,NPU:0
PTA,1773303881864777.090	,16.17724609375,98.0,16.17724609375,47,NPU:0
PTA+GE,1773303881864777.090	,16.17724609375,98.0,16.17724609375,47,NPU:0
PTA,1773303881864778.910	,16.17724609375,98.0,16.17724609375,47,NPU:0
PTA+GE,1773303881864778.910	,16.17724609375,98.0,16.17724609375,47,NPU:0
PTA,1773303881864847.020	,20.177734375,98.0,20.177734375,47,NPU:0
PTA+GE,1773303881864847.020	,20.177734375,98.0,20.177734375,47,NPU:0
PTA,1773303881864914.080	,20.20947265625,98.0,20.20947265625,47,NPU:0
PTA+GE,1773303881864914.080	,20.20947265625,98.0,20.20947265625,47,NPU:0
PTA,1773303881864938.120	,20.3359375,98.0,20.3359375,47,NPU:0
PTA+GE,1773303881864938.120	,20.3359375,98.0,20.3359375,47,NPU:0
PTA,1773303881864956.560	,20.20947265625,98.0,20.20947265625,47,NPU:0
PTA+GE,1773303881864956.560	,20.20947265625,98.0,20.20947265625,47,NPU:0
PTA,1773303881864958.340	,20.20947265625,98.0,20.20947265625,47,NPU:0
PTA+GE,1773303881864958.340	,20.20947265625,98.0,20.20947265625,47,NPU:0
PTA,1773303881864988.940	,24.2099609375,98.0,24.2099609375,47,NPU:0
PTA+GE,1773303881864988.940	,24.2099609375,98.0,24.2099609375,47,NPU:0
PTA,1773303881865050.740	,28.21044921875,98.0,28.21044921875,47,NPU:0
PTA+GE,1773303881865050.740	,28.21044921875,98.0,28.21044921875,47,NPU:0
PTA,1773303881865110.270	,32.2109375,98.0,32.2109375,47,NPU:0
PTA+GE,1773303881865110.270	,32.2109375,98.0,32.2109375,47,NPU:0
PTA,1773303881865153.640	,28.21044921875,98.0,28.21044921875,47,NPU:0
PTA+GE,1773303881865153.640	,28.21044921875,98.0,28.21044921875,47,NPU:0
PTA,1773303881865155.790	,28.21044921875,98.0,28.21044921875,47,NPU:0
PTA+GE,1773303881865155.790	,28.21044921875,98.0,28.21044921875,47,NPU:0
PTA,1773303881865207.170	,32.2109375,98.0,32.2109375,47,NPU:0
PTA+GE,1773303881865207.170	,32.2109375,98.0,32.2109375,47,NPU:0
PTA,1773303881865259.670	,28.21044921875,98.0,28.21044921875,47,NPU:0
PTA+GE,1773303881865259.670	,28.21044921875,98.0,28.21044921875,47,NPU:0
PTA,1773303881865261.870	,28.21044921875,98.0,28.21044921875,47,NPU:0
PTA+GE,1773303881865261.870	,28.21044921875,98.0,28.21044921875,47,NPU:0
PTA,1773303881865294.760	,32.2109375,98.0,32.2109375,47,NPU:0
PTA+GE,1773303881865294.760	,32.2109375,98.0,32.2109375,47,NPU:0
PTA,1773303881865378.710	,36.21142578125,98.0,36.21142578125,47,NPU:0
PTA+GE,1773303881865378.710	,36.21142578125,98.0,36.21142578125,47,NPU:0
PTA,1773303881865419.790	,32.2109375,98.0,32.2109375,47,NPU:0
PTA+GE,1773303881865419.790	,32.2109375,98.0,32.2109375,47,NPU:0
PTA,1773303881865421.980	,32.2109375,98.0,32.2109375,47,NPU:0
PTA+GE,1773303881865421.980	,32.2109375,98.0,32.2109375,47,NPU:0
PTA,1773303881865452.780	,36.21142578125,98.0,36.21142578125,47,NPU:0
PTA+GE,1773303881865452.780	,36.21142578125,98.0,36.21142578125,47,NPU:0
PTA,1773303881865491.780	,32.2109375,98.0,32.2109375,47,NPU:0
PTA+GE,1773303881865491.780	,32.2109375,98.0,32.2109375,47,NPU:0
PTA,1773303881865494.730	,32.2109375,98.0,32.2109375,47,NPU:0
PTA+GE,1773303881865494.730	,32.2109375,98.0,32.2109375,47,NPU:0
PTA,1773303881865526.920	,36.21142578125,98.0,36.21142578125,47,NPU:0
PTA+GE,1773303881865526.920	,36.21142578125,98.0,36.21142578125,47,NPU:0
PTA,1773303881865548.510	,52.212890625,98.0,52.212890625,47,NPU:0
PTA+GE,1773303881865548.510	,52.212890625,98.0,52.212890625,47,NPU:0
PTA,1773303881865569.580	,36.21142578125,98.0,36.21142578125,47,NPU:0
PTA+GE,1773303881865569.580	,36.21142578125,98.0,36.21142578125,47,NPU:0
PTA,1773303881865572.240	,36.21142578125,98.0,36.21142578125,47,NPU:0
PTA+GE,1773303881865572.240	,36.21142578125,98.0,36.21142578125,47,NPU:0
PTA,1773303881865585.180	,32.2109375,98.0,32.2109375,47,NPU:0
PTA+GE,1773303881865585.180	,32.2109375,98.0,32.2109375,47,NPU:0
PTA,1773303881865587.200	,32.2109375,98.0,32.2109375,47,NPU:0
PTA+GE,1773303881865587.200	,32.2109375,98.0,32.2109375,47,NPU:0
PTA,1773303881865615.810	,36.21142578125,98.0,36.21142578125,47,NPU:0
PTA+GE,1773303881865615.810	,36.21142578125,98.0,36.21142578125,47,NPU:0
PTA,1773303881865659.680	,32.2109375,98.0,32.2109375,47,NPU:0
PTA+GE,1773303881865659.680	,32.2109375,98.0,32.2109375,47,NPU:0
PTA,1773303881865663.780	,32.2109375,98.0,32.2109375,47,NPU:0
PTA+GE,1773303881865663.780	,32.2109375,98.0,32.2109375,47,NPU:0
PTA,1773303881865683.590	,36.21142578125,98.0,36.21142578125,47,NPU:0
PTA+GE,1773303881865683.590	,36.21142578125,98.0,36.21142578125,47,NPU:0
PTA,1773303881865732.070	,40.2119140625,98.0,40.2119140625,47,NPU:0
PTA+GE,1773303881865732.070	,40.2119140625,98.0,40.2119140625,47,NPU:0
PTA,1773303881865774.660	,36.21142578125,98.0,36.21142578125,47,NPU:0
PTA+GE,1773303881865774.660	,36.21142578125,98.0,36.21142578125,47,NPU:0
PTA,1773303881865777.460	,36.21142578125,98.0,36.21142578125,47,NPU:0
PTA+GE,1773303881865777.460	,36.21142578125,98.0,36.21142578125,47,NPU:0
PTA,1773303881865830.990	,40.2119140625,98.0,40.2119140625,47,NPU:0
PTA+GE,1773303881865830.990	,40.2119140625,98.0,40.2119140625,47,NPU:0
PTA,1773303881865880.030	,36.21142578125,98.0,36.21142578125,47,NPU:0
PTA+GE,1773303881865880.030	,36.21142578125,98.0,36.21142578125,47,NPU:0
PTA,1773303881865884.140	,36.21142578125,98.0,36.21142578125,47,NPU:0
PTA+GE,1773303881865884.140	,36.21142578125,98.0,36.21142578125,47,NPU:0
PTA,1773303881865890.150	,32.2109375,98.0,32.2109375,47,NPU:0
PTA+GE,1773303881865890.150	,32.2109375,98.0,32.2109375,47,NPU:0
PTA,1773303881865892.170	,32.2109375,98.0,32.2109375,47,NPU:0
PTA+GE,1773303881865892.170	,32.2109375,98.0,32.2109375,47,NPU:0
PTA,1773303881865923.680	,36.21142578125,98.0,36.21142578125,47,NPU:0
PTA+GE,1773303881865923.680	,36.21142578125,98.0,36.21142578125,47,NPU:0
PTA,1773303881865990.170	,40.2119140625,98.0,40.2119140625,47,NPU:0
PTA+GE,1773303881865990.170	,40.2119140625,98.0,40.2119140625,47,NPU:0
PTA,1773303881866029.940	,36.21142578125,98.0,36.21142578125,47,NPU:0
PTA+GE,1773303881866029.940	,36.21142578125,98.0,36.21142578125,47,NPU:0
PTA,1773303881866032.290	,36.21142578125,98.0,36.21142578125,47,NPU:0
PTA+GE,1773303881866032.290	,36.21142578125,98.0,36.21142578125,47,NPU:0
PTA,1773303881866038.960	,32.2109375,98.0,32.2109375,47,NPU:0
PTA+GE,1773303881866038.960	,32.2109375,98.0,32.2109375,47,NPU:0
PTA,1773303881866040.710	,32.2109375,98.0,32.2109375,47,NPU:0
PTA+GE,1773303881866040.710	,32.2109375,98.0,32.2109375,47,NPU:0
PTA,1773303881866063.240	,36.21142578125,98.0,36.21142578125,47,NPU:0
PTA+GE,1773303881866063.240	,36.21142578125,98.0,36.21142578125,47,NPU:0
PTA,1773303881866109.860	,40.2119140625,98.0,40.2119140625,47,NPU:0
PTA+GE,1773303881866109.860	,40.2119140625,98.0,40.2119140625,47,NPU:0
PTA,1773303881866142.110	,36.21142578125,98.0,36.21142578125,47,NPU:0
PTA+GE,1773303881866142.110	,36.21142578125,98.0,36.21142578125,47,NPU:0
PTA,1773303881866144.360	,36.21142578125,98.0,36.21142578125,47,NPU:0
PTA+GE,1773303881866144.360	,36.21142578125,98.0,36.21142578125,47,NPU:0
PTA,1773303881866196.560	,36.1796875,98.0,36.1796875,47,NPU:0
PTA+GE,1773303881866196.560	,36.1796875,98.0,36.1796875,47,NPU:0
PTA,1773303881866198.880	,36.1796875,98.0,36.1796875,47,NPU:0
PTA+GE,1773303881866198.880	,36.1796875,98.0,36.1796875,47,NPU:0
PTA,1773303881866203.920	,36.17919921875,98.0,36.17919921875,47,NPU:0
PTA+GE,1773303881866203.920	,36.17919921875,98.0,36.17919921875,47,NPU:0
PTA,1773303881866205.330	,36.17919921875,98.0,36.17919921875,47,NPU:0
PTA+GE,1773303881866205.330	,36.17919921875,98.0,36.17919921875,47,NPU:0
PTA,1773303881866229.770	,32.1787109375,98.0,32.1787109375,47,NPU:0
PTA+GE,1773303881866229.770	,32.1787109375,98.0,32.1787109375,47,NPU:0
PTA,1773303881866231.620	,32.1787109375,98.0,32.1787109375,47,NPU:0
PTA+GE,1773303881866231.620	,32.1787109375,98.0,32.1787109375,47,NPU:0
PTA,1773303881866564.980	,32.21044921875,98.0,32.21044921875,47,NPU:0
PTA+GE,1773303881866564.980	,32.21044921875,98.0,32.21044921875,47,NPU:0
PTA,1773303881866590.290	,32.2119140625,98.0,32.2119140625,47,NPU:0
PTA+GE,1773303881866590.290	,32.2119140625,98.0,32.2119140625,47,NPU:0
PTA,1773303881866618.080	,32.21044921875,98.0,32.21044921875,47,NPU:0
PTA+GE,1773303881866618.080	,32.21044921875,98.0,32.21044921875,47,NPU:0
PTA,1773303881866619.620	,32.21044921875,98.0,32.21044921875,47,NPU:0
PTA+GE,1773303881866619.620	,32.21044921875,98.0,32.21044921875,47,NPU:0
PTA,1773303881866673.180	,36.2109375,98.0,36.2109375,47,NPU:0
PTA+GE,1773303881866673.180	,36.2109375,98.0,36.2109375,47,NPU:0
PTA,1773303881866717.800	,40.21142578125,98.0,40.21142578125,47,NPU:0
PTA+GE,1773303881866717.800	,40.21142578125,98.0,40.21142578125,47,NPU:0
PTA,1773303881866760.000	,40.2431640625,98.0,40.2431640625,47,NPU:0
PTA+GE,1773303881866760.000	,40.2431640625,98.0,40.2431640625,47,NPU:0
PTA,1773303881866772.980	,40.24462890625,98.0,40.24462890625,47,NPU:0
PTA+GE,1773303881866772.980	,40.24462890625,98.0,40.24462890625,47,NPU:0
PTA,1773303881866817.520	,40.2431640625,98.0,40.2431640625,47,NPU:0
PTA+GE,1773303881866817.520	,40.2431640625,98.0,40.2431640625,47,NPU:0
PTA,1773303881866819.970	,40.2431640625,98.0,40.2431640625,47,NPU:0
PTA+GE,1773303881866819.970	,40.2431640625,98.0,40.2431640625,47,NPU:0
PTA,1773303881866828.420	,36.24267578125,98.0,36.24267578125,47,NPU:0
PTA+GE,1773303881866828.420	,36.24267578125,98.0,36.24267578125,47,NPU:0
PTA,1773303881866829.720	,36.24267578125,98.0,36.24267578125,47,NPU:0
PTA+GE,1773303881866829.720	,36.24267578125,98.0,36.24267578125,47,NPU:0
PTA,1773303881866844.740	,32.2421875,98.0,32.2421875,47,NPU:0
PTA+GE,1773303881866844.740	,32.2421875,98.0,32.2421875,47,NPU:0
PTA,1773303881866846.560	,32.2421875,98.0,32.2421875,47,NPU:0
PTA+GE,1773303881866846.560	,32.2421875,98.0,32.2421875,47,NPU:0
PTA,1773303881866896.340	,36.24267578125,98.0,36.24267578125,47,NPU:0
PTA+GE,1773303881866896.340	,36.24267578125,98.0,36.24267578125,47,NPU:0
PTA,1773303881866941.040	,32.2421875,98.0,32.2421875,47,NPU:0
PTA+GE,1773303881866941.040	,32.2421875,98.0,32.2421875,47,NPU:0
PTA,1773303881866943.610	,32.2421875,98.0,32.2421875,47,NPU:0
PTA+GE,1773303881866943.610	,32.2421875,98.0,32.2421875,47,NPU:0
PTA,1773303881867055.730	,36.24267578125,98.0,36.24267578125,47,NPU:0
PTA+GE,1773303881867055.730	,36.24267578125,98.0,36.24267578125,47,NPU:0
PTA,1773303881867082.570	,52.244140625,98.0,52.244140625,47,NPU:0
PTA+GE,1773303881867082.570	,52.244140625,98.0,52.244140625,47,NPU:0
PTA,1773303881867103.620	,36.24267578125,98.0,36.24267578125,47,NPU:0
PTA+GE,1773303881867103.620	,36.24267578125,98.0,36.24267578125,47,NPU:0
PTA,1773303881867105.640	,36.24267578125,98.0,36.24267578125,47,NPU:0
PTA+GE,1773303881867105.640	,36.24267578125,98.0,36.24267578125,47,NPU:0
PTA,1773303881867113.900	,32.2421875,98.0,32.2421875,47,NPU:0
PTA+GE,1773303881867113.900	,32.2421875,98.0,32.2421875,47,NPU:0
PTA,1773303881867116.340	,32.2421875,98.0,32.2421875,47,NPU:0
PTA+GE,1773303881867116.340	,32.2421875,98.0,32.2421875,47,NPU:0
PTA,1773303881867154.320	,36.24267578125,98.0,36.24267578125,47,NPU:0
PTA+GE,1773303881867154.320	,36.24267578125,98.0,36.24267578125,47,NPU:0
PTA,1773303881867189.460	,32.2421875,98.0,32.2421875,47,NPU:0
PTA+GE,1773303881867189.460	,32.2421875,98.0,32.2421875,47,NPU:0
PTA,1773303881867191.790	,32.2421875,98.0,32.2421875,47,NPU:0
PTA+GE,1773303881867191.790	,32.2421875,98.0,32.2421875,47,NPU:0
PTA,1773303881867232.610	,36.24267578125,98.0,36.24267578125,47,NPU:0
PTA+GE,1773303881867232.610	,36.24267578125,98.0,36.24267578125,47,NPU:0
PTA,1773303881867268.440	,32.2421875,98.0,32.2421875,47,NPU:0
PTA+GE,1773303881867268.440	,32.2421875,98.0,32.2421875,47,NPU:0
PTA,1773303881867270.560	,32.2421875,98.0,32.2421875,47,NPU:0
PTA+GE,1773303881867270.560	,32.2421875,98.0,32.2421875,47,NPU:0
PTA,1773303881867274.910	,28.24169921875,98.0,28.24169921875,47,NPU:0
PTA+GE,1773303881867274.910	,28.24169921875,98.0,28.24169921875,47,NPU:0
PTA,1773303881867276.410	,28.24169921875,98.0,28.24169921875,47,NPU:0
PTA+GE,1773303881867276.410	,28.24169921875,98.0,28.24169921875,47,NPU:0
PTA,1773303881867308.790	,32.2421875,98.0,32.2421875,47,NPU:0
PTA+GE,1773303881867308.790	,32.2421875,98.0,32.2421875,47,NPU:0
PTA,1773303881867342.000	,28.24169921875,98.0,28.24169921875,47,NPU:0
PTA+GE,1773303881867342.000	,28.24169921875,98.0,28.24169921875,47,NPU:0
PTA,1773303881867343.940	,28.24169921875,98.0,28.24169921875,47,NPU:0
PTA+GE,1773303881867343.940	,28.24169921875,98.0,28.24169921875,47,NPU:0
PTA,1773303881867396.250	,32.2421875,98.0,32.2421875,47,NPU:0
PTA+GE,1773303881867396.250	,32.2421875,98.0,32.2421875,47,NPU:0
PTA,1773303881867430.350	,28.24169921875,98.0,28.24169921875,47,NPU:0
PTA+GE,1773303881867430.350	,28.24169921875,98.0,28.24169921875,47,NPU:0
PTA,1773303881867432.440	,28.24169921875,98.0,28.24169921875,47,NPU:0
PTA+GE,1773303881867432.440	,28.24169921875,98.0,28.24169921875,47,NPU:0
PTA,1773303881867436.530	,24.2412109375,98.0,24.2412109375,47,NPU:0
PTA+GE,1773303881867436.530	,24.2412109375,98.0,24.2412109375,47,NPU:0
PTA,1773303881867439.090	,24.2412109375,98.0,24.2412109375,47,NPU:0
PTA+GE,1773303881867439.090	,24.2412109375,98.0,24.2412109375,47,NPU:0
PTA,1773303881867488.400	,28.24169921875,98.0,28.24169921875,47,NPU:0
PTA+GE,1773303881867488.400	,28.24169921875,98.0,28.24169921875,47,NPU:0
PTA,1773303881867536.940	,32.2421875,98.0,32.2421875,47,NPU:0
PTA+GE,1773303881867536.940	,32.2421875,98.0,32.2421875,47,NPU:0
PTA,1773303881867572.940	,36.24267578125,98.0,36.24267578125,47,NPU:0
PTA+GE,1773303881867572.940	,36.24267578125,98.0,36.24267578125,47,NPU:0
PTA,1773303881867606.170	,40.2431640625,98.0,40.2431640625,47,NPU:0
PTA+GE,1773303881867606.170	,40.2431640625,98.0,40.2431640625,47,NPU:0
PTA,1773303881867630.430	,36.24267578125,98.0,36.24267578125,47,NPU:0
PTA+GE,1773303881867630.430	,36.24267578125,98.0,36.24267578125,47,NPU:0
PTA,1773303881867633.080	,36.24267578125,98.0,36.24267578125,47,NPU:0
PTA+GE,1773303881867633.080	,36.24267578125,98.0,36.24267578125,47,NPU:0
PTA,1773303881867635.850	,32.2421875,98.0,32.2421875,47,NPU:0
PTA+GE,1773303881867635.850	,32.2421875,98.0,32.2421875,47,NPU:0
PTA,1773303881867637.410	,32.2421875,98.0,32.2421875,47,NPU:0
PTA+GE,1773303881867637.410	,32.2421875,98.0,32.2421875,47,NPU:0
PTA,1773303881867640.960	,28.24169921875,98.0,28.24169921875,47,NPU:0
PTA+GE,1773303881867640.960	,28.24169921875,98.0,28.24169921875,47,NPU:0
PTA,1773303881867642.970	,28.24169921875,98.0,28.24169921875,47,NPU:0
PTA+GE,1773303881867642.970	,28.24169921875,98.0,28.24169921875,47,NPU:0
PTA,1773303881867656.060	,32.2421875,98.0,32.2421875,47,NPU:0
PTA+GE,1773303881867656.060	,32.2421875,98.0,32.2421875,47,NPU:0
PTA,1773303881867699.170	,32.27392578125,98.0,32.27392578125,47,NPU:0
PTA+GE,1773303881867699.170	,32.27392578125,98.0,32.27392578125,47,NPU:0
PTA,1773303881867712.010	,32.275390625,98.0,32.275390625,47,NPU:0
PTA+GE,1773303881867712.010	,32.275390625,98.0,32.275390625,47,NPU:0
PTA,1773303881867728.940	,32.27392578125,98.0,32.27392578125,47,NPU:0
PTA+GE,1773303881867728.940	,32.27392578125,98.0,32.27392578125,47,NPU:0
PTA,1773303881867731.030	,32.27392578125,98.0,32.27392578125,47,NPU:0
PTA+GE,1773303881867731.030	,32.27392578125,98.0,32.27392578125,47,NPU:0
PTA,1773303881867736.800	,28.2734375,98.0,28.2734375,47,NPU:0
PTA+GE,1773303881867736.800	,28.2734375,98.0,28.2734375,47,NPU:0
PTA,1773303881867738.240	,28.2734375,98.0,28.2734375,47,NPU:0
PTA+GE,1773303881867738.240	,28.2734375,98.0,28.2734375,47,NPU:0
PTA,1773303881867742.170	,24.27294921875,98.0,24.27294921875,47,NPU:0
PTA+GE,1773303881867742.170	,24.27294921875,98.0,24.27294921875,47,NPU:0
PTA,1773303881867743.650	,24.27294921875,98.0,24.27294921875,47,NPU:0
PTA+GE,1773303881867743.650	,24.27294921875,98.0,24.27294921875,47,NPU:0
PTA,1773303881867754.790	,24.2412109375,98.0,24.2412109375,47,NPU:0
PTA+GE,1773303881867754.790	,24.2412109375,98.0,24.2412109375,47,NPU:0
PTA,1773303881867757.000	,24.2412109375,98.0,24.2412109375,47,NPU:0
PTA+GE,1773303881867757.000	,24.2412109375,98.0,24.2412109375,47,NPU:0
PTA,1773303881867762.110	,20.24072265625,98.0,20.24072265625,47,NPU:0
PTA+GE,1773303881867762.110	,20.24072265625,98.0,20.24072265625,47,NPU:0
PTA,1773303881867763.570	,20.24072265625,98.0,20.24072265625,47,NPU:0
PTA+GE,1773303881867763.570	,20.24072265625,98.0,20.24072265625,47,NPU:0
PTA,1773303881867807.010	,20.208984375,98.0,20.208984375,47,NPU:0
PTA+GE,1773303881867807.010	,20.208984375,98.0,20.208984375,47,NPU:0
PTA,1773303881867809.150	,20.208984375,98.0,20.208984375,47,NPU:0
PTA+GE,1773303881867809.150	,20.208984375,98.0,20.208984375,47,NPU:0
PTA,1773303881867852.270	,20.24072265625,98.0,20.24072265625,47,NPU:0
PTA+GE,1773303881867852.270	,20.24072265625,98.0,20.24072265625,47,NPU:0
PTA,1773303881867875.590	,20.3671875,98.0,20.3671875,47,NPU:0
PTA+GE,1773303881867875.590	,20.3671875,98.0,20.3671875,47,NPU:0
PTA,1773303881867893.620	,20.24072265625,98.0,20.24072265625,47,NPU:0
PTA+GE,1773303881867893.620	,20.24072265625,98.0,20.24072265625,47,NPU:0
PTA,1773303881867895.560	,20.24072265625,98.0,20.24072265625,47,NPU:0
PTA+GE,1773303881867895.560	,20.24072265625,98.0,20.24072265625,47,NPU:0
PTA,1773303881867904.070	,20.208984375,98.0,20.208984375,47,NPU:0
PTA+GE,1773303881867904.070	,20.208984375,98.0,20.208984375,47,NPU:0
PTA,1773303881867905.460	,20.208984375,98.0,20.208984375,47,NPU:0
PTA+GE,1773303881867905.460	,20.208984375,98.0,20.208984375,47,NPU:0
PTA,1773303881867946.370	,24.20947265625,98.0,24.20947265625,47,NPU:0
PTA+GE,1773303881867946.370	,24.20947265625,98.0,24.20947265625,47,NPU:0
PTA,1773303881868003.340	,24.2412109375,98.0,24.2412109375,47,NPU:0
PTA+GE,1773303881868003.340	,24.2412109375,98.0,24.2412109375,47,NPU:0
PTA,1773303881868017.340	,24.24267578125,98.0,24.24267578125,47,NPU:0
PTA+GE,1773303881868017.340	,24.24267578125,98.0,24.24267578125,47,NPU:0
PTA,1773303881868034.460	,24.2412109375,98.0,24.2412109375,47,NPU:0
PTA+GE,1773303881868034.460	,24.2412109375,98.0,24.2412109375,47,NPU:0
PTA,1773303881868037.050	,24.2412109375,98.0,24.2412109375,47,NPU:0
PTA+GE,1773303881868037.050	,24.2412109375,98.0,24.2412109375,47,NPU:0
PTA,1773303881868042.180	,20.24072265625,98.0,20.24072265625,47,NPU:0
PTA+GE,1773303881868042.180	,20.24072265625,98.0,20.24072265625,47,NPU:0
PTA,1773303881868043.660	,20.24072265625,98.0,20.24072265625,47,NPU:0
PTA+GE,1773303881868043.660	,20.24072265625,98.0,20.24072265625,47,NPU:0
PTA,1773303881868082.750	,20.208984375,98.0,20.208984375,47,NPU:0
PTA+GE,1773303881868082.750	,20.208984375,98.0,20.208984375,47,NPU:0
PTA,1773303881868085.230	,20.208984375,98.0,20.208984375,47,NPU:0
PTA+GE,1773303881868085.230	,20.208984375,98.0,20.208984375,47,NPU:0
PTA,1773303881868149.430	,20.17724609375,98.0,20.17724609375,47,NPU:0
PTA+GE,1773303881868149.430	,20.17724609375,98.0,20.17724609375,47,NPU:0
PTA,1773303881868151.770	,20.17724609375,98.0,20.17724609375,47,NPU:0
PTA+GE,1773303881868151.770	,20.17724609375,98.0,20.17724609375,47,NPU:0
PTA,1773303881868277.700	,16.1767578125,98.0,16.1767578125,47,NPU:0
PTA+GE,1773303881868277.700	,16.1767578125,98.0,16.1767578125,47,NPU:0
PTA,1773303881868280.500	,16.1767578125,98.0,16.1767578125,47,NPU:0
PTA+GE,1773303881868280.500	,16.1767578125,98.0,16.1767578125,47,NPU:0
PTA,1773303881868329.990	,16.17724609375,98.0,16.17724609375,47,NPU:0
PTA+GE,1773303881868329.990	,16.17724609375,98.0,16.17724609375,47,NPU:0
PTA,1773303881868389.250	,16.208984375,98.0,16.208984375,47,NPU:0
PTA+GE,1773303881868389.250	,16.208984375,98.0,16.208984375,47,NPU:0
PTA,1773303881868418.350	,16.20849609375,98.0,16.20849609375,47,NPU:0
PTA+GE,1773303881868418.350	,16.20849609375,98.0,16.20849609375,47,NPU:0
PTA,1773303881868420.790	,16.20849609375,98.0,16.20849609375,47,NPU:0
PTA+GE,1773303881868420.790	,16.20849609375,98.0,16.20849609375,47,NPU:0
PTA,1773303881868430.040	,16.1767578125,98.0,16.1767578125,47,NPU:0
PTA+GE,1773303881868430.040	,16.1767578125,98.0,16.1767578125,47,NPU:0
PTA,1773303881868432.550	,16.1767578125,98.0,16.1767578125,47,NPU:0
PTA+GE,1773303881868432.550	,16.1767578125,98.0,16.1767578125,47,NPU:0
PTA,1773303881868443.740	,16.16064453125,98.0,16.16064453125,47,NPU:0
PTA+GE,1773303881868443.740	,16.16064453125,98.0,16.16064453125,47,NPU:0
PTA,1773303881868445.130	,16.16064453125,98.0,16.16064453125,47,NPU:0
PTA+GE,1773303881868445.130	,16.16064453125,98.0,16.16064453125,47,NPU:0
PTA,1773303881868518.250	,16.12890625,98.0,16.12890625,47,NPU:0
PTA+GE,1773303881868518.250	,16.12890625,98.0,16.12890625,47,NPU:0
PTA,1773303881868520.330	,16.12890625,98.0,16.12890625,47,NPU:0
PTA+GE,1773303881868520.330	,16.12890625,98.0,16.12890625,47,NPU:0
