Component,Timestamp(us),Total Allocated(MB),Total Reserved(MB),Total Active(MB),Stream Ptr,Device Type
APP,1773307480210487.740	,,310.546875,,,NPU:0
PTA,1773307480200586.280	,61.47265625,238.0,61.47265625,44,NPU:0
PTA+GE,1773307480200586.280	,61.47265625,238.0,61.47265625,44,NPU:0
PTA,1773307480200738.410	,61.53173828125,238.0,61.53173828125,44,NPU:0
PTA+GE,1773307480200738.410	,61.53173828125,238.0,61.53173828125,44,NPU:0
PTA,1773307480200757.770	,61.76708984375,238.0,61.76708984375,44,NPU:0
PTA+GE,1773307480200757.770	,61.76708984375,238.0,61.76708984375,44,NPU:0
PTA,1773307480200782.500	,61.53173828125,238.0,61.53173828125,44,NPU:0
PTA+GE,1773307480200782.500	,61.53173828125,238.0,61.53173828125,44,NPU:0
PTA,1773307480200784.270	,61.53173828125,238.0,61.53173828125,44,NPU:0
PTA+GE,1773307480200784.270	,61.53173828125,238.0,61.53173828125,44,NPU:0
PTA,1773307480200817.730	,61.6494140625,238.0,61.6494140625,44,NPU:0
PTA+GE,1773307480200817.730	,61.6494140625,238.0,61.6494140625,44,NPU:0
PTA,1773307480200832.760	,62.11962890625,238.0,62.11962890625,44,NPU:0
PTA+GE,1773307480200832.760	,62.11962890625,238.0,62.11962890625,44,NPU:0
PTA,1773307480200860.080	,61.6494140625,238.0,61.6494140625,44,NPU:0
PTA+GE,1773307480200860.080	,61.6494140625,238.0,61.6494140625,44,NPU:0
PTA,1773307480200862.360	,61.6494140625,238.0,61.6494140625,44,NPU:0
PTA+GE,1773307480200862.360	,61.6494140625,238.0,61.6494140625,44,NPU:0
PTA,1773307480200929.270	,77.6494140625,238.0,77.6494140625,44,NPU:0
PTA+GE,1773307480200929.270	,77.6494140625,238.0,77.6494140625,44,NPU:0
PTA,1773307480200998.240	,77.76708984375,238.0,77.76708984375,44,NPU:0
PTA+GE,1773307480200998.240	,77.76708984375,238.0,77.76708984375,44,NPU:0
PTA,1773307480201028.690	,78.2373046875,238.0,78.2373046875,44,NPU:0
PTA+GE,1773307480201028.690	,78.2373046875,238.0,78.2373046875,44,NPU:0
PTA,1773307480201051.600	,77.76708984375,238.0,77.76708984375,44,NPU:0
PTA+GE,1773307480201051.600	,77.76708984375,238.0,77.76708984375,44,NPU:0
PTA,1773307480201054.220	,77.76708984375,238.0,77.76708984375,44,NPU:0
PTA+GE,1773307480201054.220	,77.76708984375,238.0,77.76708984375,44,NPU:0
PTA,1773307480201084.820	,93.76708984375,238.0,93.76708984375,44,NPU:0
PTA+GE,1773307480201084.820	,93.76708984375,238.0,93.76708984375,44,NPU:0
PTA,1773307480201156.540	,108.767578125,238.0,108.767578125,44,NPU:0
PTA+GE,1773307480201156.540	,108.767578125,238.0,108.767578125,44,NPU:0
PTA,1773307480201220.500	,123.76806640625,238.0,123.76806640625,44,NPU:0
PTA+GE,1773307480201220.500	,123.76806640625,238.0,123.76806640625,44,NPU:0
PTA,1773307480201266.230	,108.767578125,238.0,108.767578125,44,NPU:0
PTA+GE,1773307480201266.230	,108.767578125,238.0,108.767578125,44,NPU:0
PTA,1773307480201268.540	,108.767578125,238.0,108.767578125,44,NPU:0
PTA+GE,1773307480201268.540	,108.767578125,238.0,108.767578125,44,NPU:0
PTA,1773307480201298.480	,123.76806640625,238.0,123.76806640625,44,NPU:0
PTA+GE,1773307480201298.480	,123.76806640625,238.0,123.76806640625,44,NPU:0
PTA,1773307480201348.950	,107.76806640625,238.0,107.76806640625,44,NPU:0
PTA+GE,1773307480201348.950	,107.76806640625,238.0,107.76806640625,44,NPU:0
PTA,1773307480201351.270	,107.76806640625,238.0,107.76806640625,44,NPU:0
PTA+GE,1773307480201351.270	,107.76806640625,238.0,107.76806640625,44,NPU:0
PTA,1773307480201383.440	,123.76806640625,238.0,123.76806640625,44,NPU:0
PTA+GE,1773307480201383.440	,123.76806640625,238.0,123.76806640625,44,NPU:0
PTA,1773307480201439.690	,138.7685546875,238.0,138.7685546875,44,NPU:0
PTA+GE,1773307480201439.690	,138.7685546875,238.0,138.7685546875,44,NPU:0
PTA,1773307480201481.170	,122.7685546875,238.0,122.7685546875,44,NPU:0
PTA+GE,1773307480201481.170	,122.7685546875,238.0,122.7685546875,44,NPU:0
PTA,1773307480201483.380	,122.7685546875,238.0,122.7685546875,44,NPU:0
PTA+GE,1773307480201483.380	,122.7685546875,238.0,122.7685546875,44,NPU:0
PTA,1773307480201510.810	,138.7685546875,238.0,138.7685546875,44,NPU:0
PTA+GE,1773307480201510.810	,138.7685546875,238.0,138.7685546875,44,NPU:0
PTA,1773307480201549.850	,123.76806640625,238.0,123.76806640625,44,NPU:0
PTA+GE,1773307480201549.850	,123.76806640625,238.0,123.76806640625,44,NPU:0
PTA,1773307480201552.300	,123.76806640625,238.0,123.76806640625,44,NPU:0
PTA+GE,1773307480201552.300	,123.76806640625,238.0,123.76806640625,44,NPU:0
PTA,1773307480201590.210	,138.7685546875,238.0,138.7685546875,44,NPU:0
PTA+GE,1773307480201590.210	,138.7685546875,238.0,138.7685546875,44,NPU:0
PTA,1773307480201611.350	,198.77001953125,238.0,198.77001953125,44,NPU:0
PTA+GE,1773307480201611.350	,198.77001953125,238.0,198.77001953125,44,NPU:0
PTA,1773307480201643.360	,138.7685546875,238.0,138.7685546875,44,NPU:0
PTA+GE,1773307480201643.360	,138.7685546875,238.0,138.7685546875,44,NPU:0
PTA,1773307480201645.450	,138.7685546875,238.0,138.7685546875,44,NPU:0
PTA+GE,1773307480201645.450	,138.7685546875,238.0,138.7685546875,44,NPU:0
PTA,1773307480201658.910	,122.7685546875,238.0,122.7685546875,44,NPU:0
PTA+GE,1773307480201658.910	,122.7685546875,238.0,122.7685546875,44,NPU:0
PTA,1773307480201660.620	,122.7685546875,238.0,122.7685546875,44,NPU:0
PTA+GE,1773307480201660.620	,122.7685546875,238.0,122.7685546875,44,NPU:0
PTA,1773307480201689.200	,138.7685546875,238.0,138.7685546875,44,NPU:0
PTA+GE,1773307480201689.200	,138.7685546875,238.0,138.7685546875,44,NPU:0
PTA,1773307480201734.850	,123.76806640625,238.0,123.76806640625,44,NPU:0
PTA+GE,1773307480201734.850	,123.76806640625,238.0,123.76806640625,44,NPU:0
PTA,1773307480201741.330	,123.76806640625,238.0,123.76806640625,44,NPU:0
PTA+GE,1773307480201741.330	,123.76806640625,238.0,123.76806640625,44,NPU:0
PTA,1773307480201760.600	,138.7685546875,238.0,138.7685546875,44,NPU:0
PTA+GE,1773307480201760.600	,138.7685546875,238.0,138.7685546875,44,NPU:0
PTA,1773307480201809.440	,153.76904296875,238.0,153.76904296875,44,NPU:0
PTA+GE,1773307480201809.440	,153.76904296875,238.0,153.76904296875,44,NPU:0
PTA,1773307480201844.330	,138.7685546875,238.0,138.7685546875,44,NPU:0
PTA+GE,1773307480201844.330	,138.7685546875,238.0,138.7685546875,44,NPU:0
PTA,1773307480201851.240	,138.7685546875,238.0,138.7685546875,44,NPU:0
PTA+GE,1773307480201851.240	,138.7685546875,238.0,138.7685546875,44,NPU:0
PTA,1773307480201889.410	,153.76904296875,238.0,153.76904296875,44,NPU:0
PTA+GE,1773307480201889.410	,153.76904296875,238.0,153.76904296875,44,NPU:0
PTA,1773307480201924.370	,138.7685546875,238.0,138.7685546875,44,NPU:0
PTA+GE,1773307480201924.370	,138.7685546875,238.0,138.7685546875,44,NPU:0
PTA,1773307480201926.890	,138.7685546875,238.0,138.7685546875,44,NPU:0
PTA+GE,1773307480201926.890	,138.7685546875,238.0,138.7685546875,44,NPU:0
PTA,1773307480201932.070	,122.7685546875,238.0,122.7685546875,44,NPU:0
PTA+GE,1773307480201932.070	,122.7685546875,238.0,122.7685546875,44,NPU:0
PTA,1773307480201933.840	,122.7685546875,238.0,122.7685546875,44,NPU:0
PTA+GE,1773307480201933.840	,122.7685546875,238.0,122.7685546875,44,NPU:0
PTA,1773307480201966.180	,137.76904296875,238.0,137.76904296875,44,NPU:0
PTA+GE,1773307480201966.180	,137.76904296875,238.0,137.76904296875,44,NPU:0
PTA,1773307480202036.560	,153.76904296875,238.0,153.76904296875,44,NPU:0
PTA+GE,1773307480202036.560	,153.76904296875,238.0,153.76904296875,44,NPU:0
PTA,1773307480202079.070	,138.7685546875,238.0,138.7685546875,44,NPU:0
PTA+GE,1773307480202079.070	,138.7685546875,238.0,138.7685546875,44,NPU:0
PTA,1773307480202081.070	,138.7685546875,238.0,138.7685546875,44,NPU:0
PTA+GE,1773307480202081.070	,138.7685546875,238.0,138.7685546875,44,NPU:0
PTA,1773307480202086.750	,123.76806640625,238.0,123.76806640625,44,NPU:0
PTA+GE,1773307480202086.750	,123.76806640625,238.0,123.76806640625,44,NPU:0
PTA,1773307480202088.800	,123.76806640625,238.0,123.76806640625,44,NPU:0
PTA+GE,1773307480202088.800	,123.76806640625,238.0,123.76806640625,44,NPU:0
PTA,1773307480202114.440	,138.7685546875,238.0,138.7685546875,44,NPU:0
PTA+GE,1773307480202114.440	,138.7685546875,238.0,138.7685546875,44,NPU:0
PTA,1773307480202168.160	,153.76904296875,238.0,153.76904296875,44,NPU:0
PTA+GE,1773307480202168.160	,153.76904296875,238.0,153.76904296875,44,NPU:0
PTA,1773307480202203.720	,138.7685546875,238.0,138.7685546875,44,NPU:0
PTA+GE,1773307480202203.720	,138.7685546875,238.0,138.7685546875,44,NPU:0
PTA,1773307480202210.010	,138.7685546875,238.0,138.7685546875,44,NPU:0
PTA+GE,1773307480202210.010	,138.7685546875,238.0,138.7685546875,44,NPU:0
PTA,1773307480202263.280	,138.65087890625,238.0,138.65087890625,44,NPU:0
PTA+GE,1773307480202263.280	,138.65087890625,238.0,138.65087890625,44,NPU:0
PTA,1773307480202265.410	,138.65087890625,238.0,138.65087890625,44,NPU:0
PTA+GE,1773307480202265.410	,138.65087890625,238.0,138.65087890625,44,NPU:0
PTA,1773307480202270.310	,138.650390625,238.0,138.650390625,44,NPU:0
PTA+GE,1773307480202270.310	,138.650390625,238.0,138.650390625,44,NPU:0
PTA,1773307480202271.840	,138.650390625,238.0,138.650390625,44,NPU:0
PTA+GE,1773307480202271.840	,138.650390625,238.0,138.650390625,44,NPU:0
PTA,1773307480202295.080	,123.64990234375,238.0,123.64990234375,44,NPU:0
PTA+GE,1773307480202295.080	,123.64990234375,238.0,123.64990234375,44,NPU:0
PTA,1773307480202296.840	,123.64990234375,238.0,123.64990234375,44,NPU:0
PTA+GE,1773307480202296.840	,123.64990234375,238.0,123.64990234375,44,NPU:0
PTA,1773307480202621.160	,123.767578125,238.0,123.767578125,44,NPU:0
PTA+GE,1773307480202621.160	,123.767578125,238.0,123.767578125,44,NPU:0
PTA,1773307480202640.390	,123.76904296875,238.0,123.76904296875,44,NPU:0
PTA+GE,1773307480202640.390	,123.76904296875,238.0,123.76904296875,44,NPU:0
PTA,1773307480202668.880	,123.767578125,238.0,123.767578125,44,NPU:0
PTA+GE,1773307480202668.880	,123.767578125,238.0,123.767578125,44,NPU:0
PTA,1773307480202671.140	,123.767578125,238.0,123.767578125,44,NPU:0
PTA+GE,1773307480202671.140	,123.767578125,238.0,123.767578125,44,NPU:0
PTA,1773307480202719.010	,138.76806640625,238.0,138.76806640625,44,NPU:0
PTA+GE,1773307480202719.010	,138.76806640625,238.0,138.76806640625,44,NPU:0
PTA,1773307480202761.910	,153.7685546875,238.0,153.7685546875,44,NPU:0
PTA+GE,1773307480202761.910	,153.7685546875,238.0,153.7685546875,44,NPU:0
PTA,1773307480202823.820	,153.88623046875,238.0,153.88623046875,44,NPU:0
PTA+GE,1773307480202823.820	,153.88623046875,238.0,153.88623046875,44,NPU:0
PTA,1773307480202837.840	,153.8876953125,238.0,153.8876953125,44,NPU:0
PTA+GE,1773307480202837.840	,153.8876953125,238.0,153.8876953125,44,NPU:0
PTA,1773307480202856.660	,153.88623046875,238.0,153.88623046875,44,NPU:0
PTA+GE,1773307480202856.660	,153.88623046875,238.0,153.88623046875,44,NPU:0
PTA,1773307480202859.170	,153.88623046875,238.0,153.88623046875,44,NPU:0
PTA+GE,1773307480202859.170	,153.88623046875,238.0,153.88623046875,44,NPU:0
PTA,1773307480202863.770	,138.8857421875,238.0,138.8857421875,44,NPU:0
PTA+GE,1773307480202863.770	,138.8857421875,238.0,138.8857421875,44,NPU:0
PTA,1773307480202865.250	,138.8857421875,238.0,138.8857421875,44,NPU:0
PTA+GE,1773307480202865.250	,138.8857421875,238.0,138.8857421875,44,NPU:0
PTA,1773307480202875.720	,122.8857421875,238.0,122.8857421875,44,NPU:0
PTA+GE,1773307480202875.720	,122.8857421875,238.0,122.8857421875,44,NPU:0
PTA,1773307480202877.630	,122.8857421875,238.0,122.8857421875,44,NPU:0
PTA+GE,1773307480202877.630	,122.8857421875,238.0,122.8857421875,44,NPU:0
PTA,1773307480202920.490	,137.88623046875,238.0,137.88623046875,44,NPU:0
PTA+GE,1773307480202920.490	,137.88623046875,238.0,137.88623046875,44,NPU:0
PTA,1773307480202981.920	,122.8857421875,238.0,122.8857421875,44,NPU:0
PTA+GE,1773307480202981.920	,122.8857421875,238.0,122.8857421875,44,NPU:0
PTA,1773307480202984.180	,122.8857421875,238.0,122.8857421875,44,NPU:0
PTA+GE,1773307480202984.180	,122.8857421875,238.0,122.8857421875,44,NPU:0
PTA,1773307480203089.650	,138.8857421875,238.0,138.8857421875,44,NPU:0
PTA+GE,1773307480203089.650	,138.8857421875,238.0,138.8857421875,44,NPU:0
PTA,1773307480203111.650	,198.88720703125,238.0,198.88720703125,44,NPU:0
PTA+GE,1773307480203111.650	,198.88720703125,238.0,198.88720703125,44,NPU:0
PTA,1773307480203149.200	,138.8857421875,238.0,138.8857421875,44,NPU:0
PTA+GE,1773307480203149.200	,138.8857421875,238.0,138.8857421875,44,NPU:0
PTA,1773307480203151.130	,138.8857421875,238.0,138.8857421875,44,NPU:0
PTA+GE,1773307480203151.130	,138.8857421875,238.0,138.8857421875,44,NPU:0
PTA,1773307480203159.030	,123.88525390625,238.0,123.88525390625,44,NPU:0
PTA+GE,1773307480203159.030	,123.88525390625,238.0,123.88525390625,44,NPU:0
PTA,1773307480203160.950	,123.88525390625,238.0,123.88525390625,44,NPU:0
PTA+GE,1773307480203160.950	,123.88525390625,238.0,123.88525390625,44,NPU:0
PTA,1773307480203215.450	,138.8857421875,238.0,138.8857421875,44,NPU:0
PTA+GE,1773307480203215.450	,138.8857421875,238.0,138.8857421875,44,NPU:0
PTA,1773307480203262.660	,122.8857421875,238.0,122.8857421875,44,NPU:0
PTA+GE,1773307480203262.660	,122.8857421875,238.0,122.8857421875,44,NPU:0
PTA,1773307480203264.800	,122.8857421875,238.0,122.8857421875,44,NPU:0
PTA+GE,1773307480203264.800	,122.8857421875,238.0,122.8857421875,44,NPU:0
PTA,1773307480203320.820	,138.8857421875,238.0,138.8857421875,44,NPU:0
PTA+GE,1773307480203320.820	,138.8857421875,238.0,138.8857421875,44,NPU:0
PTA,1773307480203360.640	,123.88525390625,238.0,123.88525390625,44,NPU:0
PTA+GE,1773307480203360.640	,123.88525390625,238.0,123.88525390625,44,NPU:0
PTA,1773307480203362.810	,123.88525390625,238.0,123.88525390625,44,NPU:0
PTA+GE,1773307480203362.810	,123.88525390625,238.0,123.88525390625,44,NPU:0
PTA,1773307480203367.160	,108.884765625,238.0,108.884765625,44,NPU:0
PTA+GE,1773307480203367.160	,108.884765625,238.0,108.884765625,44,NPU:0
PTA,1773307480203368.640	,108.884765625,238.0,108.884765625,44,NPU:0
PTA+GE,1773307480203368.640	,108.884765625,238.0,108.884765625,44,NPU:0
PTA,1773307480203412.060	,123.88525390625,238.0,123.88525390625,44,NPU:0
PTA+GE,1773307480203412.060	,123.88525390625,238.0,123.88525390625,44,NPU:0
PTA,1773307480203452.950	,107.88525390625,238.0,107.88525390625,44,NPU:0
PTA+GE,1773307480203452.950	,107.88525390625,238.0,107.88525390625,44,NPU:0
PTA,1773307480203455.170	,107.88525390625,238.0,107.88525390625,44,NPU:0
PTA+GE,1773307480203455.170	,107.88525390625,238.0,107.88525390625,44,NPU:0
PTA,1773307480203521.280	,123.88525390625,238.0,123.88525390625,44,NPU:0
PTA+GE,1773307480203521.280	,123.88525390625,238.0,123.88525390625,44,NPU:0
PTA,1773307480203560.700	,108.884765625,238.0,108.884765625,44,NPU:0
PTA+GE,1773307480203560.700	,108.884765625,238.0,108.884765625,44,NPU:0
PTA,1773307480203563.060	,108.884765625,238.0,108.884765625,44,NPU:0
PTA+GE,1773307480203563.060	,108.884765625,238.0,108.884765625,44,NPU:0
PTA,1773307480203567.120	,93.88427734375,238.0,93.88427734375,44,NPU:0
PTA+GE,1773307480203567.120	,93.88427734375,238.0,93.88427734375,44,NPU:0
PTA,1773307480203568.690	,93.88427734375,238.0,93.88427734375,44,NPU:0
PTA+GE,1773307480203568.690	,93.88427734375,238.0,93.88427734375,44,NPU:0
PTA,1773307480203631.490	,108.884765625,238.0,108.884765625,44,NPU:0
PTA+GE,1773307480203631.490	,108.884765625,238.0,108.884765625,44,NPU:0
PTA,1773307480203674.170	,123.88525390625,238.0,123.88525390625,44,NPU:0
PTA+GE,1773307480203674.170	,123.88525390625,238.0,123.88525390625,44,NPU:0
PTA,1773307480203700.020	,138.8857421875,238.0,138.8857421875,44,NPU:0
PTA+GE,1773307480203700.020	,138.8857421875,238.0,138.8857421875,44,NPU:0
PTA,1773307480203747.600	,153.88623046875,238.0,153.88623046875,44,NPU:0
PTA+GE,1773307480203747.600	,153.88623046875,238.0,153.88623046875,44,NPU:0
PTA,1773307480203779.970	,138.8857421875,238.0,138.8857421875,44,NPU:0
PTA+GE,1773307480203779.970	,138.8857421875,238.0,138.8857421875,44,NPU:0
PTA,1773307480203782.070	,138.8857421875,238.0,138.8857421875,44,NPU:0
PTA+GE,1773307480203782.070	,138.8857421875,238.0,138.8857421875,44,NPU:0
PTA,1773307480203785.230	,123.88525390625,238.0,123.88525390625,44,NPU:0
PTA+GE,1773307480203785.230	,123.88525390625,238.0,123.88525390625,44,NPU:0
PTA,1773307480203787.060	,123.88525390625,238.0,123.88525390625,44,NPU:0
PTA+GE,1773307480203787.060	,123.88525390625,238.0,123.88525390625,44,NPU:0
PTA,1773307480203789.990	,108.884765625,238.0,108.884765625,44,NPU:0
PTA+GE,1773307480203789.990	,108.884765625,238.0,108.884765625,44,NPU:0
PTA,1773307480203792.040	,108.884765625,238.0,108.884765625,44,NPU:0
PTA+GE,1773307480203792.040	,108.884765625,238.0,108.884765625,44,NPU:0
PTA,1773307480203814.150	,123.88525390625,238.0,123.88525390625,44,NPU:0
PTA+GE,1773307480203814.150	,123.88525390625,238.0,123.88525390625,44,NPU:0
PTA,1773307480203856.050	,124.0029296875,238.0,124.0029296875,44,NPU:0
PTA+GE,1773307480203856.050	,124.0029296875,238.0,124.0029296875,44,NPU:0
PTA,1773307480203869.240	,124.00439453125,238.0,124.00439453125,44,NPU:0
PTA+GE,1773307480203869.240	,124.00439453125,238.0,124.00439453125,44,NPU:0
PTA,1773307480203886.820	,124.0029296875,238.0,124.0029296875,44,NPU:0
PTA+GE,1773307480203886.820	,124.0029296875,238.0,124.0029296875,44,NPU:0
PTA,1773307480203888.890	,124.0029296875,238.0,124.0029296875,44,NPU:0
PTA+GE,1773307480203888.890	,124.0029296875,238.0,124.0029296875,44,NPU:0
PTA,1773307480203893.300	,109.00244140625,238.0,109.00244140625,44,NPU:0
PTA+GE,1773307480203893.300	,109.00244140625,238.0,109.00244140625,44,NPU:0
PTA,1773307480203894.770	,109.00244140625,238.0,109.00244140625,44,NPU:0
PTA+GE,1773307480203894.770	,109.00244140625,238.0,109.00244140625,44,NPU:0
PTA,1773307480203898.340	,93.00244140625,238.0,93.00244140625,44,NPU:0
PTA+GE,1773307480203898.340	,93.00244140625,238.0,93.00244140625,44,NPU:0
PTA,1773307480203899.940	,93.00244140625,238.0,93.00244140625,44,NPU:0
PTA+GE,1773307480203899.940	,93.00244140625,238.0,93.00244140625,44,NPU:0
PTA,1773307480203921.900	,92.884765625,238.0,92.884765625,44,NPU:0
PTA+GE,1773307480203921.900	,92.884765625,238.0,92.884765625,44,NPU:0
PTA,1773307480203923.530	,92.884765625,238.0,92.884765625,44,NPU:0
PTA+GE,1773307480203923.530	,92.884765625,238.0,92.884765625,44,NPU:0
PTA,1773307480203928.290	,76.884765625,238.0,76.884765625,44,NPU:0
PTA+GE,1773307480203928.290	,76.884765625,238.0,76.884765625,44,NPU:0
PTA,1773307480203929.730	,76.884765625,238.0,76.884765625,44,NPU:0
PTA+GE,1773307480203929.730	,76.884765625,238.0,76.884765625,44,NPU:0
PTA,1773307480204000.830	,76.76708984375,238.0,76.76708984375,44,NPU:0
PTA+GE,1773307480204000.830	,76.76708984375,238.0,76.76708984375,44,NPU:0
PTA,1773307480204002.820	,76.76708984375,238.0,76.76708984375,44,NPU:0
PTA+GE,1773307480204002.820	,76.76708984375,238.0,76.76708984375,44,NPU:0
PTA,1773307480204045.810	,76.884765625,238.0,76.884765625,44,NPU:0
PTA+GE,1773307480204045.810	,76.884765625,238.0,76.884765625,44,NPU:0
PTA,1773307480204082.120	,77.35498046875,238.0,77.35498046875,44,NPU:0
PTA+GE,1773307480204082.120	,77.35498046875,238.0,77.35498046875,44,NPU:0
PTA,1773307480204101.310	,76.884765625,238.0,76.884765625,44,NPU:0
PTA+GE,1773307480204101.310	,76.884765625,238.0,76.884765625,44,NPU:0
PTA,1773307480204103.740	,76.884765625,238.0,76.884765625,44,NPU:0
PTA+GE,1773307480204103.740	,76.884765625,238.0,76.884765625,44,NPU:0
PTA,1773307480204111.960	,76.76708984375,238.0,76.76708984375,44,NPU:0
PTA+GE,1773307480204111.960	,76.76708984375,238.0,76.76708984375,44,NPU:0
PTA,1773307480204114.050	,76.76708984375,238.0,76.76708984375,44,NPU:0
PTA+GE,1773307480204114.050	,76.76708984375,238.0,76.76708984375,44,NPU:0
PTA,1773307480204169.050	,91.767578125,238.0,91.767578125,44,NPU:0
PTA+GE,1773307480204169.050	,91.767578125,238.0,91.767578125,44,NPU:0
PTA,1773307480204234.110	,91.88525390625,238.0,91.88525390625,44,NPU:0
PTA+GE,1773307480204234.110	,91.88525390625,238.0,91.88525390625,44,NPU:0
PTA,1773307480204248.640	,91.88671875,238.0,91.88671875,44,NPU:0
PTA+GE,1773307480204248.640	,91.88671875,238.0,91.88671875,44,NPU:0
PTA,1773307480204268.020	,91.88525390625,238.0,91.88525390625,44,NPU:0
PTA+GE,1773307480204268.020	,91.88525390625,238.0,91.88525390625,44,NPU:0
PTA,1773307480204270.220	,91.88525390625,238.0,91.88525390625,44,NPU:0
PTA+GE,1773307480204270.220	,91.88525390625,238.0,91.88525390625,44,NPU:0
PTA,1773307480204275.350	,76.884765625,238.0,76.884765625,44,NPU:0
PTA+GE,1773307480204275.350	,76.884765625,238.0,76.884765625,44,NPU:0
PTA,1773307480204276.890	,76.884765625,238.0,76.884765625,44,NPU:0
PTA+GE,1773307480204276.890	,76.884765625,238.0,76.884765625,44,NPU:0
PTA,1773307480204335.910	,76.76708984375,238.0,76.76708984375,44,NPU:0
PTA+GE,1773307480204335.910	,76.76708984375,238.0,76.76708984375,44,NPU:0
PTA,1773307480204338.050	,76.76708984375,238.0,76.76708984375,44,NPU:0
PTA+GE,1773307480204338.050	,76.76708984375,238.0,76.76708984375,44,NPU:0
PTA,1773307480204421.110	,76.6494140625,238.0,76.6494140625,44,NPU:0
PTA+GE,1773307480204421.110	,76.6494140625,238.0,76.6494140625,44,NPU:0
PTA,1773307480204423.440	,76.6494140625,238.0,76.6494140625,44,NPU:0
PTA+GE,1773307480204423.440	,76.6494140625,238.0,76.6494140625,44,NPU:0
PTA,1773307480204552.170	,61.64892578125,238.0,61.64892578125,44,NPU:0
PTA+GE,1773307480204552.170	,61.64892578125,238.0,61.64892578125,44,NPU:0
PTA,1773307480204555.000	,61.64892578125,238.0,61.64892578125,44,NPU:0
PTA+GE,1773307480204555.000	,61.64892578125,238.0,61.64892578125,44,NPU:0
PTA,1773307480204614.090	,61.6494140625,238.0,61.6494140625,44,NPU:0
PTA+GE,1773307480204614.090	,61.6494140625,238.0,61.6494140625,44,NPU:0
PTA,1773307480204708.810	,61.76708984375,238.0,61.76708984375,44,NPU:0
PTA+GE,1773307480204708.810	,61.76708984375,238.0,61.76708984375,44,NPU:0
PTA,1773307480204739.370	,61.7666015625,238.0,61.7666015625,44,NPU:0
PTA+GE,1773307480204739.370	,61.7666015625,238.0,61.7666015625,44,NPU:0
PTA,1773307480204741.240	,61.7666015625,238.0,61.7666015625,44,NPU:0
PTA+GE,1773307480204741.240	,61.7666015625,238.0,61.7666015625,44,NPU:0
PTA,1773307480204750.160	,61.64892578125,238.0,61.64892578125,44,NPU:0
PTA+GE,1773307480204750.160	,61.64892578125,238.0,61.64892578125,44,NPU:0
PTA,1773307480204751.900	,61.64892578125,238.0,61.64892578125,44,NPU:0
PTA+GE,1773307480204751.900	,61.64892578125,238.0,61.64892578125,44,NPU:0
PTA,1773307480204763.830	,61.58984375,238.0,61.58984375,44,NPU:0
PTA+GE,1773307480204763.830	,61.58984375,238.0,61.58984375,44,NPU:0
PTA,1773307480204765.400	,61.58984375,238.0,61.58984375,44,NPU:0
PTA+GE,1773307480204765.400	,61.58984375,238.0,61.58984375,44,NPU:0
PTA,1773307480204834.440	,61.47216796875,238.0,61.47216796875,44,NPU:0
PTA+GE,1773307480204834.440	,61.47216796875,238.0,61.47216796875,44,NPU:0
PTA,1773307480204836.430	,61.47216796875,238.0,61.47216796875,44,NPU:0
PTA+GE,1773307480204836.430	,61.47216796875,238.0,61.47216796875,44,NPU:0
PTA,1773307480205214.000	,61.47265625,238.0,61.47265625,44,NPU:0
PTA+GE,1773307480205214.000	,61.47265625,238.0,61.47265625,44,NPU:0
PTA,1773307480205356.400	,61.53173828125,238.0,61.53173828125,44,NPU:0
PTA+GE,1773307480205356.400	,61.53173828125,238.0,61.53173828125,44,NPU:0
PTA,1773307480205395.190	,61.76708984375,238.0,61.76708984375,44,NPU:0
PTA+GE,1773307480205395.190	,61.76708984375,238.0,61.76708984375,44,NPU:0
PTA,1773307480205422.790	,61.53173828125,238.0,61.53173828125,44,NPU:0
PTA+GE,1773307480205422.790	,61.53173828125,238.0,61.53173828125,44,NPU:0
PTA,1773307480205424.600	,61.53173828125,238.0,61.53173828125,44,NPU:0
PTA+GE,1773307480205424.600	,61.53173828125,238.0,61.53173828125,44,NPU:0
PTA,1773307480205457.360	,61.6494140625,238.0,61.6494140625,44,NPU:0
PTA+GE,1773307480205457.360	,61.6494140625,238.0,61.6494140625,44,NPU:0
PTA,1773307480205472.810	,62.11962890625,238.0,62.11962890625,44,NPU:0
PTA+GE,1773307480205472.810	,62.11962890625,238.0,62.11962890625,44,NPU:0
PTA,1773307480205495.430	,61.6494140625,238.0,61.6494140625,44,NPU:0
PTA+GE,1773307480205495.430	,61.6494140625,238.0,61.6494140625,44,NPU:0
PTA,1773307480205497.070	,61.6494140625,238.0,61.6494140625,44,NPU:0
PTA+GE,1773307480205497.070	,61.6494140625,238.0,61.6494140625,44,NPU:0
PTA,1773307480205562.770	,77.6494140625,238.0,77.6494140625,44,NPU:0
PTA+GE,1773307480205562.770	,77.6494140625,238.0,77.6494140625,44,NPU:0
PTA,1773307480205652.000	,77.76708984375,238.0,77.76708984375,44,NPU:0
PTA+GE,1773307480205652.000	,77.76708984375,238.0,77.76708984375,44,NPU:0
PTA,1773307480205675.640	,78.2373046875,238.0,78.2373046875,44,NPU:0
PTA+GE,1773307480205675.640	,78.2373046875,238.0,78.2373046875,44,NPU:0
PTA,1773307480205700.460	,77.76708984375,238.0,77.76708984375,44,NPU:0
PTA+GE,1773307480205700.460	,77.76708984375,238.0,77.76708984375,44,NPU:0
PTA,1773307480205702.490	,77.76708984375,238.0,77.76708984375,44,NPU:0
PTA+GE,1773307480205702.490	,77.76708984375,238.0,77.76708984375,44,NPU:0
PTA,1773307480205733.100	,93.76708984375,238.0,93.76708984375,44,NPU:0
PTA+GE,1773307480205733.100	,93.76708984375,238.0,93.76708984375,44,NPU:0
PTA,1773307480205799.220	,108.767578125,238.0,108.767578125,44,NPU:0
PTA+GE,1773307480205799.220	,108.767578125,238.0,108.767578125,44,NPU:0
PTA,1773307480205870.940	,123.76806640625,238.0,123.76806640625,44,NPU:0
PTA+GE,1773307480205870.940	,123.76806640625,238.0,123.76806640625,44,NPU:0
PTA,1773307480205918.370	,108.767578125,238.0,108.767578125,44,NPU:0
PTA+GE,1773307480205918.370	,108.767578125,238.0,108.767578125,44,NPU:0
PTA,1773307480205920.500	,108.767578125,238.0,108.767578125,44,NPU:0
PTA+GE,1773307480205920.500	,108.767578125,238.0,108.767578125,44,NPU:0
PTA,1773307480205951.680	,123.76806640625,238.0,123.76806640625,44,NPU:0
PTA+GE,1773307480205951.680	,123.76806640625,238.0,123.76806640625,44,NPU:0
PTA,1773307480206001.690	,107.76806640625,238.0,107.76806640625,44,NPU:0
PTA+GE,1773307480206001.690	,107.76806640625,238.0,107.76806640625,44,NPU:0
PTA,1773307480206004.030	,107.76806640625,238.0,107.76806640625,44,NPU:0
PTA+GE,1773307480206004.030	,107.76806640625,238.0,107.76806640625,44,NPU:0
PTA,1773307480206044.180	,123.76806640625,238.0,123.76806640625,44,NPU:0
PTA+GE,1773307480206044.180	,123.76806640625,238.0,123.76806640625,44,NPU:0
PTA,1773307480206102.070	,138.7685546875,238.0,138.7685546875,44,NPU:0
PTA+GE,1773307480206102.070	,138.7685546875,238.0,138.7685546875,44,NPU:0
PTA,1773307480206144.670	,122.7685546875,238.0,122.7685546875,44,NPU:0
PTA+GE,1773307480206144.670	,122.7685546875,238.0,122.7685546875,44,NPU:0
PTA,1773307480206147.000	,122.7685546875,238.0,122.7685546875,44,NPU:0
PTA+GE,1773307480206147.000	,122.7685546875,238.0,122.7685546875,44,NPU:0
PTA,1773307480206182.800	,138.7685546875,238.0,138.7685546875,44,NPU:0
PTA+GE,1773307480206182.800	,138.7685546875,238.0,138.7685546875,44,NPU:0
PTA,1773307480206233.930	,123.76806640625,238.0,123.76806640625,44,NPU:0
PTA+GE,1773307480206233.930	,123.76806640625,238.0,123.76806640625,44,NPU:0
PTA,1773307480206236.240	,123.76806640625,238.0,123.76806640625,44,NPU:0
PTA+GE,1773307480206236.240	,123.76806640625,238.0,123.76806640625,44,NPU:0
PTA,1773307480206268.500	,138.7685546875,238.0,138.7685546875,44,NPU:0
PTA+GE,1773307480206268.500	,138.7685546875,238.0,138.7685546875,44,NPU:0
PTA,1773307480206289.940	,198.77001953125,238.0,198.77001953125,44,NPU:0
PTA+GE,1773307480206289.940	,198.77001953125,238.0,198.77001953125,44,NPU:0
PTA,1773307480206314.360	,138.7685546875,238.0,138.7685546875,44,NPU:0
PTA+GE,1773307480206314.360	,138.7685546875,238.0,138.7685546875,44,NPU:0
PTA,1773307480206316.720	,138.7685546875,238.0,138.7685546875,44,NPU:0
PTA+GE,1773307480206316.720	,138.7685546875,238.0,138.7685546875,44,NPU:0
PTA,1773307480206329.140	,122.7685546875,238.0,122.7685546875,44,NPU:0
PTA+GE,1773307480206329.140	,122.7685546875,238.0,122.7685546875,44,NPU:0
PTA,1773307480206331.190	,122.7685546875,238.0,122.7685546875,44,NPU:0
PTA+GE,1773307480206331.190	,122.7685546875,238.0,122.7685546875,44,NPU:0
PTA,1773307480206360.240	,138.7685546875,238.0,138.7685546875,44,NPU:0
PTA+GE,1773307480206360.240	,138.7685546875,238.0,138.7685546875,44,NPU:0
PTA,1773307480206407.990	,123.76806640625,238.0,123.76806640625,44,NPU:0
PTA+GE,1773307480206407.990	,123.76806640625,238.0,123.76806640625,44,NPU:0
PTA,1773307480206410.240	,123.76806640625,238.0,123.76806640625,44,NPU:0
PTA+GE,1773307480206410.240	,123.76806640625,238.0,123.76806640625,44,NPU:0
PTA,1773307480206436.080	,138.7685546875,238.0,138.7685546875,44,NPU:0
PTA+GE,1773307480206436.080	,138.7685546875,238.0,138.7685546875,44,NPU:0
PTA,1773307480206484.470	,153.76904296875,238.0,153.76904296875,44,NPU:0
PTA+GE,1773307480206484.470	,153.76904296875,238.0,153.76904296875,44,NPU:0
PTA,1773307480206520.630	,138.7685546875,238.0,138.7685546875,44,NPU:0
PTA+GE,1773307480206520.630	,138.7685546875,238.0,138.7685546875,44,NPU:0
PTA,1773307480206522.590	,138.7685546875,238.0,138.7685546875,44,NPU:0
PTA+GE,1773307480206522.590	,138.7685546875,238.0,138.7685546875,44,NPU:0
PTA,1773307480206565.090	,153.76904296875,238.0,153.76904296875,44,NPU:0
PTA+GE,1773307480206565.090	,153.76904296875,238.0,153.76904296875,44,NPU:0
PTA,1773307480206600.120	,138.7685546875,238.0,138.7685546875,44,NPU:0
PTA+GE,1773307480206600.120	,138.7685546875,238.0,138.7685546875,44,NPU:0
PTA,1773307480206602.270	,138.7685546875,238.0,138.7685546875,44,NPU:0
PTA+GE,1773307480206602.270	,138.7685546875,238.0,138.7685546875,44,NPU:0
PTA,1773307480206607.030	,122.7685546875,238.0,122.7685546875,44,NPU:0
PTA+GE,1773307480206607.030	,122.7685546875,238.0,122.7685546875,44,NPU:0
PTA,1773307480206609.110	,122.7685546875,238.0,122.7685546875,44,NPU:0
PTA+GE,1773307480206609.110	,122.7685546875,238.0,122.7685546875,44,NPU:0
PTA,1773307480206638.690	,137.76904296875,238.0,137.76904296875,44,NPU:0
PTA+GE,1773307480206638.690	,137.76904296875,238.0,137.76904296875,44,NPU:0
PTA,1773307480206715.390	,153.76904296875,238.0,153.76904296875,44,NPU:0
PTA+GE,1773307480206715.390	,153.76904296875,238.0,153.76904296875,44,NPU:0
PTA,1773307480206764.080	,138.7685546875,238.0,138.7685546875,44,NPU:0
PTA+GE,1773307480206764.080	,138.7685546875,238.0,138.7685546875,44,NPU:0
PTA,1773307480206773.840	,138.7685546875,238.0,138.7685546875,44,NPU:0
PTA+GE,1773307480206773.840	,138.7685546875,238.0,138.7685546875,44,NPU:0
PTA,1773307480206780.470	,123.76806640625,238.0,123.76806640625,44,NPU:0
PTA+GE,1773307480206780.470	,123.76806640625,238.0,123.76806640625,44,NPU:0
PTA,1773307480206782.540	,123.76806640625,238.0,123.76806640625,44,NPU:0
PTA+GE,1773307480206782.540	,123.76806640625,238.0,123.76806640625,44,NPU:0
PTA,1773307480206809.010	,138.7685546875,238.0,138.7685546875,44,NPU:0
PTA+GE,1773307480206809.010	,138.7685546875,238.0,138.7685546875,44,NPU:0
PTA,1773307480206861.060	,153.76904296875,238.0,153.76904296875,44,NPU:0
PTA+GE,1773307480206861.060	,153.76904296875,238.0,153.76904296875,44,NPU:0
PTA,1773307480206895.870	,138.7685546875,238.0,138.7685546875,44,NPU:0
PTA+GE,1773307480206895.870	,138.7685546875,238.0,138.7685546875,44,NPU:0
PTA,1773307480206897.940	,138.7685546875,238.0,138.7685546875,44,NPU:0
PTA+GE,1773307480206897.940	,138.7685546875,238.0,138.7685546875,44,NPU:0
PTA,1773307480206949.620	,138.65087890625,238.0,138.65087890625,44,NPU:0
PTA+GE,1773307480206949.620	,138.65087890625,238.0,138.65087890625,44,NPU:0
PTA,1773307480206951.980	,138.65087890625,238.0,138.65087890625,44,NPU:0
PTA+GE,1773307480206951.980	,138.65087890625,238.0,138.65087890625,44,NPU:0
PTA,1773307480206956.550	,138.650390625,238.0,138.650390625,44,NPU:0
PTA+GE,1773307480206956.550	,138.650390625,238.0,138.650390625,44,NPU:0
PTA,1773307480206958.280	,138.650390625,238.0,138.650390625,44,NPU:0
PTA+GE,1773307480206958.280	,138.650390625,238.0,138.650390625,44,NPU:0
PTA,1773307480206982.450	,123.64990234375,238.0,123.64990234375,44,NPU:0
PTA+GE,1773307480206982.450	,123.64990234375,238.0,123.64990234375,44,NPU:0
PTA,1773307480206984.250	,123.64990234375,238.0,123.64990234375,44,NPU:0
PTA+GE,1773307480206984.250	,123.64990234375,238.0,123.64990234375,44,NPU:0
PTA,1773307480207300.430	,123.767578125,238.0,123.767578125,44,NPU:0
PTA+GE,1773307480207300.430	,123.767578125,238.0,123.767578125,44,NPU:0
PTA,1773307480207319.680	,123.76904296875,238.0,123.76904296875,44,NPU:0
PTA+GE,1773307480207319.680	,123.76904296875,238.0,123.76904296875,44,NPU:0
PTA,1773307480207349.040	,123.767578125,238.0,123.767578125,44,NPU:0
PTA+GE,1773307480207349.040	,123.767578125,238.0,123.767578125,44,NPU:0
PTA,1773307480207350.810	,123.767578125,238.0,123.767578125,44,NPU:0
PTA+GE,1773307480207350.810	,123.767578125,238.0,123.767578125,44,NPU:0
PTA,1773307480207401.400	,138.76806640625,238.0,138.76806640625,44,NPU:0
PTA+GE,1773307480207401.400	,138.76806640625,238.0,138.76806640625,44,NPU:0
PTA,1773307480207448.030	,153.7685546875,238.0,153.7685546875,44,NPU:0
PTA+GE,1773307480207448.030	,153.7685546875,238.0,153.7685546875,44,NPU:0
PTA,1773307480207490.950	,153.88623046875,238.0,153.88623046875,44,NPU:0
PTA+GE,1773307480207490.950	,153.88623046875,238.0,153.88623046875,44,NPU:0
PTA,1773307480207503.680	,153.8876953125,238.0,153.8876953125,44,NPU:0
PTA+GE,1773307480207503.680	,153.8876953125,238.0,153.8876953125,44,NPU:0
PTA,1773307480207523.430	,153.88623046875,238.0,153.88623046875,44,NPU:0
PTA+GE,1773307480207523.430	,153.88623046875,238.0,153.88623046875,44,NPU:0
PTA,1773307480207525.820	,153.88623046875,238.0,153.88623046875,44,NPU:0
PTA+GE,1773307480207525.820	,153.88623046875,238.0,153.88623046875,44,NPU:0
PTA,1773307480207531.520	,138.8857421875,238.0,138.8857421875,44,NPU:0
PTA+GE,1773307480207531.520	,138.8857421875,238.0,138.8857421875,44,NPU:0
PTA,1773307480207533.220	,138.8857421875,238.0,138.8857421875,44,NPU:0
PTA+GE,1773307480207533.220	,138.8857421875,238.0,138.8857421875,44,NPU:0
PTA,1773307480207544.600	,122.8857421875,238.0,122.8857421875,44,NPU:0
PTA+GE,1773307480207544.600	,122.8857421875,238.0,122.8857421875,44,NPU:0
PTA,1773307480207546.400	,122.8857421875,238.0,122.8857421875,44,NPU:0
PTA+GE,1773307480207546.400	,122.8857421875,238.0,122.8857421875,44,NPU:0
PTA,1773307480207588.540	,137.88623046875,238.0,137.88623046875,44,NPU:0
PTA+GE,1773307480207588.540	,137.88623046875,238.0,137.88623046875,44,NPU:0
PTA,1773307480207629.540	,122.8857421875,238.0,122.8857421875,44,NPU:0
PTA+GE,1773307480207629.540	,122.8857421875,238.0,122.8857421875,44,NPU:0
PTA,1773307480207631.760	,122.8857421875,238.0,122.8857421875,44,NPU:0
PTA+GE,1773307480207631.760	,122.8857421875,238.0,122.8857421875,44,NPU:0
PTA,1773307480207717.210	,138.8857421875,238.0,138.8857421875,44,NPU:0
PTA+GE,1773307480207717.210	,138.8857421875,238.0,138.8857421875,44,NPU:0
PTA,1773307480207737.240	,198.88720703125,238.0,198.88720703125,44,NPU:0
PTA+GE,1773307480207737.240	,198.88720703125,238.0,198.88720703125,44,NPU:0
PTA,1773307480207779.200	,138.8857421875,238.0,138.8857421875,44,NPU:0
PTA+GE,1773307480207779.200	,138.8857421875,238.0,138.8857421875,44,NPU:0
PTA,1773307480207781.800	,138.8857421875,238.0,138.8857421875,44,NPU:0
PTA+GE,1773307480207781.800	,138.8857421875,238.0,138.8857421875,44,NPU:0
PTA,1773307480207789.770	,123.88525390625,238.0,123.88525390625,44,NPU:0
PTA+GE,1773307480207789.770	,123.88525390625,238.0,123.88525390625,44,NPU:0
PTA,1773307480207791.670	,123.88525390625,238.0,123.88525390625,44,NPU:0
PTA+GE,1773307480207791.670	,123.88525390625,238.0,123.88525390625,44,NPU:0
PTA,1773307480207828.670	,138.8857421875,238.0,138.8857421875,44,NPU:0
PTA+GE,1773307480207828.670	,138.8857421875,238.0,138.8857421875,44,NPU:0
PTA,1773307480207860.840	,122.8857421875,238.0,122.8857421875,44,NPU:0
PTA+GE,1773307480207860.840	,122.8857421875,238.0,122.8857421875,44,NPU:0
PTA,1773307480207862.930	,122.8857421875,238.0,122.8857421875,44,NPU:0
PTA+GE,1773307480207862.930	,122.8857421875,238.0,122.8857421875,44,NPU:0
PTA,1773307480207902.010	,138.8857421875,238.0,138.8857421875,44,NPU:0
PTA+GE,1773307480207902.010	,138.8857421875,238.0,138.8857421875,44,NPU:0
PTA,1773307480207936.050	,123.88525390625,238.0,123.88525390625,44,NPU:0
PTA+GE,1773307480207936.050	,123.88525390625,238.0,123.88525390625,44,NPU:0
PTA,1773307480207938.110	,123.88525390625,238.0,123.88525390625,44,NPU:0
PTA+GE,1773307480207938.110	,123.88525390625,238.0,123.88525390625,44,NPU:0
PTA,1773307480207941.480	,108.884765625,238.0,108.884765625,44,NPU:0
PTA+GE,1773307480207941.480	,108.884765625,238.0,108.884765625,44,NPU:0
PTA,1773307480207943.230	,108.884765625,238.0,108.884765625,44,NPU:0
PTA+GE,1773307480207943.230	,108.884765625,238.0,108.884765625,44,NPU:0
PTA,1773307480207998.030	,123.88525390625,238.0,123.88525390625,44,NPU:0
PTA+GE,1773307480207998.030	,123.88525390625,238.0,123.88525390625,44,NPU:0
PTA,1773307480208031.850	,107.88525390625,238.0,107.88525390625,44,NPU:0
PTA+GE,1773307480208031.850	,107.88525390625,238.0,107.88525390625,44,NPU:0
PTA,1773307480208033.960	,107.88525390625,238.0,107.88525390625,44,NPU:0
PTA+GE,1773307480208033.960	,107.88525390625,238.0,107.88525390625,44,NPU:0
PTA,1773307480208087.720	,123.88525390625,238.0,123.88525390625,44,NPU:0
PTA+GE,1773307480208087.720	,123.88525390625,238.0,123.88525390625,44,NPU:0
PTA,1773307480208121.400	,108.884765625,238.0,108.884765625,44,NPU:0
PTA+GE,1773307480208121.400	,108.884765625,238.0,108.884765625,44,NPU:0
PTA,1773307480208123.420	,108.884765625,238.0,108.884765625,44,NPU:0
PTA+GE,1773307480208123.420	,108.884765625,238.0,108.884765625,44,NPU:0
PTA,1773307480208126.940	,93.88427734375,238.0,93.88427734375,44,NPU:0
PTA+GE,1773307480208126.940	,93.88427734375,238.0,93.88427734375,44,NPU:0
PTA,1773307480208128.690	,93.88427734375,238.0,93.88427734375,44,NPU:0
PTA+GE,1773307480208128.690	,93.88427734375,238.0,93.88427734375,44,NPU:0
PTA,1773307480208175.770	,108.884765625,238.0,108.884765625,44,NPU:0
PTA+GE,1773307480208175.770	,108.884765625,238.0,108.884765625,44,NPU:0
PTA,1773307480208229.040	,123.88525390625,238.0,123.88525390625,44,NPU:0
PTA+GE,1773307480208229.040	,123.88525390625,238.0,123.88525390625,44,NPU:0
PTA,1773307480208267.380	,138.8857421875,238.0,138.8857421875,44,NPU:0
PTA+GE,1773307480208267.380	,138.8857421875,238.0,138.8857421875,44,NPU:0
PTA,1773307480208300.980	,153.88623046875,238.0,153.88623046875,44,NPU:0
PTA+GE,1773307480208300.980	,153.88623046875,238.0,153.88623046875,44,NPU:0
PTA,1773307480208347.300	,138.8857421875,238.0,138.8857421875,44,NPU:0
PTA+GE,1773307480208347.300	,138.8857421875,238.0,138.8857421875,44,NPU:0
PTA,1773307480208349.400	,138.8857421875,238.0,138.8857421875,44,NPU:0
PTA+GE,1773307480208349.400	,138.8857421875,238.0,138.8857421875,44,NPU:0
PTA,1773307480208352.870	,123.88525390625,238.0,123.88525390625,44,NPU:0
PTA+GE,1773307480208352.870	,123.88525390625,238.0,123.88525390625,44,NPU:0
PTA,1773307480208354.840	,123.88525390625,238.0,123.88525390625,44,NPU:0
PTA+GE,1773307480208354.840	,123.88525390625,238.0,123.88525390625,44,NPU:0
PTA,1773307480208357.640	,108.884765625,238.0,108.884765625,44,NPU:0
PTA+GE,1773307480208357.640	,108.884765625,238.0,108.884765625,44,NPU:0
PTA,1773307480208359.480	,108.884765625,238.0,108.884765625,44,NPU:0
PTA+GE,1773307480208359.480	,108.884765625,238.0,108.884765625,44,NPU:0
PTA,1773307480208372.840	,123.88525390625,238.0,123.88525390625,44,NPU:0
PTA+GE,1773307480208372.840	,123.88525390625,238.0,123.88525390625,44,NPU:0
PTA,1773307480208414.920	,124.0029296875,238.0,124.0029296875,44,NPU:0
PTA+GE,1773307480208414.920	,124.0029296875,238.0,124.0029296875,44,NPU:0
PTA,1773307480208427.720	,124.00439453125,238.0,124.00439453125,44,NPU:0
PTA+GE,1773307480208427.720	,124.00439453125,238.0,124.00439453125,44,NPU:0
PTA,1773307480208445.790	,124.0029296875,238.0,124.0029296875,44,NPU:0
PTA+GE,1773307480208445.790	,124.0029296875,238.0,124.0029296875,44,NPU:0
PTA,1773307480208448.020	,124.0029296875,238.0,124.0029296875,44,NPU:0
PTA+GE,1773307480208448.020	,124.0029296875,238.0,124.0029296875,44,NPU:0
PTA,1773307480208453.240	,109.00244140625,238.0,109.00244140625,44,NPU:0
PTA+GE,1773307480208453.240	,109.00244140625,238.0,109.00244140625,44,NPU:0
PTA,1773307480208454.960	,109.00244140625,238.0,109.00244140625,44,NPU:0
PTA+GE,1773307480208454.960	,109.00244140625,238.0,109.00244140625,44,NPU:0
PTA,1773307480208458.190	,93.00244140625,238.0,93.00244140625,44,NPU:0
PTA+GE,1773307480208458.190	,93.00244140625,238.0,93.00244140625,44,NPU:0
PTA,1773307480208459.630	,93.00244140625,238.0,93.00244140625,44,NPU:0
PTA+GE,1773307480208459.630	,93.00244140625,238.0,93.00244140625,44,NPU:0
PTA,1773307480208469.060	,92.884765625,238.0,92.884765625,44,NPU:0
PTA+GE,1773307480208469.060	,92.884765625,238.0,92.884765625,44,NPU:0
PTA,1773307480208470.860	,92.884765625,238.0,92.884765625,44,NPU:0
PTA+GE,1773307480208470.860	,92.884765625,238.0,92.884765625,44,NPU:0
PTA,1773307480208474.450	,76.884765625,238.0,76.884765625,44,NPU:0
PTA+GE,1773307480208474.450	,76.884765625,238.0,76.884765625,44,NPU:0
PTA,1773307480208475.950	,76.884765625,238.0,76.884765625,44,NPU:0
PTA+GE,1773307480208475.950	,76.884765625,238.0,76.884765625,44,NPU:0
PTA,1773307480208515.670	,76.76708984375,238.0,76.76708984375,44,NPU:0
PTA+GE,1773307480208515.670	,76.76708984375,238.0,76.76708984375,44,NPU:0
PTA,1773307480208517.700	,76.76708984375,238.0,76.76708984375,44,NPU:0
PTA+GE,1773307480208517.700	,76.76708984375,238.0,76.76708984375,44,NPU:0
PTA,1773307480208558.220	,76.884765625,238.0,76.884765625,44,NPU:0
PTA+GE,1773307480208558.220	,76.884765625,238.0,76.884765625,44,NPU:0
PTA,1773307480208579.080	,77.35498046875,238.0,77.35498046875,44,NPU:0
PTA+GE,1773307480208579.080	,77.35498046875,238.0,77.35498046875,44,NPU:0
PTA,1773307480208597.430	,76.884765625,238.0,76.884765625,44,NPU:0
PTA+GE,1773307480208597.430	,76.884765625,238.0,76.884765625,44,NPU:0
PTA,1773307480208599.510	,76.884765625,238.0,76.884765625,44,NPU:0
PTA+GE,1773307480208599.510	,76.884765625,238.0,76.884765625,44,NPU:0
PTA,1773307480208607.670	,76.76708984375,238.0,76.76708984375,44,NPU:0
PTA+GE,1773307480208607.670	,76.76708984375,238.0,76.76708984375,44,NPU:0
PTA,1773307480208609.930	,76.76708984375,238.0,76.76708984375,44,NPU:0
PTA+GE,1773307480208609.930	,76.76708984375,238.0,76.76708984375,44,NPU:0
PTA,1773307480208649.510	,92.76708984375,238.0,92.76708984375,44,NPU:0
PTA+GE,1773307480208649.510	,92.76708984375,238.0,92.76708984375,44,NPU:0
PTA,1773307480208692.970	,92.884765625,238.0,92.884765625,44,NPU:0
PTA+GE,1773307480208692.970	,92.884765625,238.0,92.884765625,44,NPU:0
PTA,1773307480208706.050	,92.88623046875,238.0,92.88623046875,44,NPU:0
PTA+GE,1773307480208706.050	,92.88623046875,238.0,92.88623046875,44,NPU:0
PTA,1773307480208724.510	,92.884765625,238.0,92.884765625,44,NPU:0
PTA+GE,1773307480208724.510	,92.884765625,238.0,92.884765625,44,NPU:0
PTA,1773307480208727.180	,92.884765625,238.0,92.884765625,44,NPU:0
PTA+GE,1773307480208727.180	,92.884765625,238.0,92.884765625,44,NPU:0
PTA,1773307480208731.490	,76.884765625,238.0,76.884765625,44,NPU:0
PTA+GE,1773307480208731.490	,76.884765625,238.0,76.884765625,44,NPU:0
PTA,1773307480208732.960	,76.884765625,238.0,76.884765625,44,NPU:0
PTA+GE,1773307480208732.960	,76.884765625,238.0,76.884765625,44,NPU:0
PTA,1773307480208784.750	,76.76708984375,238.0,76.76708984375,44,NPU:0
PTA+GE,1773307480208784.750	,76.76708984375,238.0,76.76708984375,44,NPU:0
PTA,1773307480208786.840	,76.76708984375,238.0,76.76708984375,44,NPU:0
PTA+GE,1773307480208786.840	,76.76708984375,238.0,76.76708984375,44,NPU:0
PTA,1773307480208847.760	,76.6494140625,238.0,76.6494140625,44,NPU:0
PTA+GE,1773307480208847.760	,76.6494140625,238.0,76.6494140625,44,NPU:0
PTA,1773307480208850.130	,76.6494140625,238.0,76.6494140625,44,NPU:0
PTA+GE,1773307480208850.130	,76.6494140625,238.0,76.6494140625,44,NPU:0
PTA,1773307480208947.950	,61.64892578125,238.0,61.64892578125,44,NPU:0
PTA+GE,1773307480208947.950	,61.64892578125,238.0,61.64892578125,44,NPU:0
PTA,1773307480208950.240	,61.64892578125,238.0,61.64892578125,44,NPU:0
PTA+GE,1773307480208950.240	,61.64892578125,238.0,61.64892578125,44,NPU:0
PTA,1773307480208994.460	,61.6494140625,238.0,61.6494140625,44,NPU:0
PTA+GE,1773307480208994.460	,61.6494140625,238.0,61.6494140625,44,NPU:0
PTA,1773307480209067.640	,61.76708984375,238.0,61.76708984375,44,NPU:0
PTA+GE,1773307480209067.640	,61.76708984375,238.0,61.76708984375,44,NPU:0
PTA,1773307480209096.000	,61.7666015625,238.0,61.7666015625,44,NPU:0
PTA+GE,1773307480209096.000	,61.7666015625,238.0,61.7666015625,44,NPU:0
PTA,1773307480209098.310	,61.7666015625,238.0,61.7666015625,44,NPU:0
PTA+GE,1773307480209098.310	,61.7666015625,238.0,61.7666015625,44,NPU:0
PTA,1773307480209106.420	,61.64892578125,238.0,61.64892578125,44,NPU:0
PTA+GE,1773307480209106.420	,61.64892578125,238.0,61.64892578125,44,NPU:0
PTA,1773307480209108.250	,61.64892578125,238.0,61.64892578125,44,NPU:0
PTA+GE,1773307480209108.250	,61.64892578125,238.0,61.64892578125,44,NPU:0
PTA,1773307480209117.660	,61.58984375,238.0,61.58984375,44,NPU:0
PTA+GE,1773307480209117.660	,61.58984375,238.0,61.58984375,44,NPU:0
PTA,1773307480209119.550	,61.58984375,238.0,61.58984375,44,NPU:0
PTA+GE,1773307480209119.550	,61.58984375,238.0,61.58984375,44,NPU:0
PTA,1773307480209203.100	,61.47216796875,238.0,61.47216796875,44,NPU:0
PTA+GE,1773307480209203.100	,61.47216796875,238.0,61.47216796875,44,NPU:0
PTA,1773307480209205.090	,61.47216796875,238.0,61.47216796875,44,NPU:0
PTA+GE,1773307480209205.090	,61.47216796875,238.0,61.47216796875,44,NPU:0
PTA,1773307480209566.440	,61.47265625,238.0,61.47265625,44,NPU:0
PTA+GE,1773307480209566.440	,61.47265625,238.0,61.47265625,44,NPU:0
PTA,1773307480209702.390	,61.53173828125,238.0,61.53173828125,44,NPU:0
PTA+GE,1773307480209702.390	,61.53173828125,238.0,61.53173828125,44,NPU:0
PTA,1773307480209722.320	,61.76708984375,238.0,61.76708984375,44,NPU:0
PTA+GE,1773307480209722.320	,61.76708984375,238.0,61.76708984375,44,NPU:0
PTA,1773307480209752.600	,61.53173828125,238.0,61.53173828125,44,NPU:0
PTA+GE,1773307480209752.600	,61.53173828125,238.0,61.53173828125,44,NPU:0
PTA,1773307480209754.630	,61.53173828125,238.0,61.53173828125,44,NPU:0
PTA+GE,1773307480209754.630	,61.53173828125,238.0,61.53173828125,44,NPU:0
PTA,1773307480209784.870	,61.6494140625,238.0,61.6494140625,44,NPU:0
PTA+GE,1773307480209784.870	,61.6494140625,238.0,61.6494140625,44,NPU:0
PTA,1773307480209802.130	,62.11962890625,238.0,62.11962890625,44,NPU:0
PTA+GE,1773307480209802.130	,62.11962890625,238.0,62.11962890625,44,NPU:0
PTA,1773307480209825.420	,61.6494140625,238.0,61.6494140625,44,NPU:0
PTA+GE,1773307480209825.420	,61.6494140625,238.0,61.6494140625,44,NPU:0
PTA,1773307480209827.030	,61.6494140625,238.0,61.6494140625,44,NPU:0
PTA+GE,1773307480209827.030	,61.6494140625,238.0,61.6494140625,44,NPU:0
PTA,1773307480209893.390	,77.6494140625,238.0,77.6494140625,44,NPU:0
PTA+GE,1773307480209893.390	,77.6494140625,238.0,77.6494140625,44,NPU:0
PTA,1773307480209980.800	,77.76708984375,238.0,77.76708984375,44,NPU:0
PTA+GE,1773307480209980.800	,77.76708984375,238.0,77.76708984375,44,NPU:0
PTA,1773307480210004.140	,78.2373046875,238.0,78.2373046875,44,NPU:0
PTA+GE,1773307480210004.140	,78.2373046875,238.0,78.2373046875,44,NPU:0
PTA,1773307480210027.500	,77.76708984375,238.0,77.76708984375,44,NPU:0
PTA+GE,1773307480210027.500	,77.76708984375,238.0,77.76708984375,44,NPU:0
PTA,1773307480210029.180	,77.76708984375,238.0,77.76708984375,44,NPU:0
PTA+GE,1773307480210029.180	,77.76708984375,238.0,77.76708984375,44,NPU:0
PTA,1773307480210061.930	,93.76708984375,238.0,93.76708984375,44,NPU:0
PTA+GE,1773307480210061.930	,93.76708984375,238.0,93.76708984375,44,NPU:0
PTA,1773307480210127.000	,108.767578125,238.0,108.767578125,44,NPU:0
PTA+GE,1773307480210127.000	,108.767578125,238.0,108.767578125,44,NPU:0
PTA,1773307480210191.100	,123.76806640625,238.0,123.76806640625,44,NPU:0
PTA+GE,1773307480210191.100	,123.76806640625,238.0,123.76806640625,44,NPU:0
PTA,1773307480210234.950	,108.767578125,238.0,108.767578125,44,NPU:0
PTA+GE,1773307480210234.950	,108.767578125,238.0,108.767578125,44,NPU:0
PTA,1773307480210237.220	,108.767578125,238.0,108.767578125,44,NPU:0
PTA+GE,1773307480210237.220	,108.767578125,238.0,108.767578125,44,NPU:0
PTA,1773307480210266.710	,123.76806640625,238.0,123.76806640625,44,NPU:0
PTA+GE,1773307480210266.710	,123.76806640625,238.0,123.76806640625,44,NPU:0
PTA,1773307480210313.610	,107.76806640625,238.0,107.76806640625,44,NPU:0
PTA+GE,1773307480210313.610	,107.76806640625,238.0,107.76806640625,44,NPU:0
PTA,1773307480210315.710	,107.76806640625,238.0,107.76806640625,44,NPU:0
PTA+GE,1773307480210315.710	,107.76806640625,238.0,107.76806640625,44,NPU:0
PTA,1773307480210347.680	,123.76806640625,238.0,123.76806640625,44,NPU:0
PTA+GE,1773307480210347.680	,123.76806640625,238.0,123.76806640625,44,NPU:0
PTA,1773307480210400.050	,138.7685546875,238.0,138.7685546875,44,NPU:0
PTA+GE,1773307480210400.050	,138.7685546875,238.0,138.7685546875,44,NPU:0
PTA,1773307480210453.660	,122.7685546875,238.0,122.7685546875,44,NPU:0
PTA+GE,1773307480210453.660	,122.7685546875,238.0,122.7685546875,44,NPU:0
PTA,1773307480210455.930	,122.7685546875,238.0,122.7685546875,44,NPU:0
PTA+GE,1773307480210455.930	,122.7685546875,238.0,122.7685546875,44,NPU:0
PTA,1773307480210484.780	,138.7685546875,238.0,138.7685546875,44,NPU:0
PTA+GE,1773307480210484.780	,138.7685546875,238.0,138.7685546875,44,NPU:0
PTA,1773307480210524.630	,123.76806640625,238.0,123.76806640625,44,NPU:0
PTA+GE,1773307480210524.630	,123.76806640625,238.0,123.76806640625,44,NPU:0
PTA,1773307480210527.030	,123.76806640625,238.0,123.76806640625,44,NPU:0
PTA+GE,1773307480210527.030	,123.76806640625,238.0,123.76806640625,44,NPU:0
PTA,1773307480210557.580	,138.7685546875,238.0,138.7685546875,44,NPU:0
PTA+GE,1773307480210557.580	,138.7685546875,238.0,138.7685546875,44,NPU:0
PTA,1773307480210578.890	,198.77001953125,238.0,198.77001953125,44,NPU:0
PTA+GE,1773307480210578.890	,198.77001953125,238.0,198.77001953125,44,NPU:0
PTA,1773307480210599.890	,138.7685546875,238.0,138.7685546875,44,NPU:0
PTA+GE,1773307480210599.890	,138.7685546875,238.0,138.7685546875,44,NPU:0
PTA,1773307480210602.140	,138.7685546875,238.0,138.7685546875,44,NPU:0
PTA+GE,1773307480210602.140	,138.7685546875,238.0,138.7685546875,44,NPU:0
PTA,1773307480210613.910	,122.7685546875,238.0,122.7685546875,44,NPU:0
PTA+GE,1773307480210613.910	,122.7685546875,238.0,122.7685546875,44,NPU:0
PTA,1773307480210616.040	,122.7685546875,238.0,122.7685546875,44,NPU:0
PTA+GE,1773307480210616.040	,122.7685546875,238.0,122.7685546875,44,NPU:0
PTA,1773307480210645.420	,138.7685546875,238.0,138.7685546875,44,NPU:0
PTA+GE,1773307480210645.420	,138.7685546875,238.0,138.7685546875,44,NPU:0
PTA,1773307480210691.330	,123.76806640625,238.0,123.76806640625,44,NPU:0
PTA+GE,1773307480210691.330	,123.76806640625,238.0,123.76806640625,44,NPU:0
PTA,1773307480210693.450	,123.76806640625,238.0,123.76806640625,44,NPU:0
PTA+GE,1773307480210693.450	,123.76806640625,238.0,123.76806640625,44,NPU:0
PTA,1773307480210713.850	,138.7685546875,238.0,138.7685546875,44,NPU:0
PTA+GE,1773307480210713.850	,138.7685546875,238.0,138.7685546875,44,NPU:0
PTA,1773307480210761.580	,153.76904296875,238.0,153.76904296875,44,NPU:0
PTA+GE,1773307480210761.580	,153.76904296875,238.0,153.76904296875,44,NPU:0
PTA,1773307480210797.710	,138.7685546875,238.0,138.7685546875,44,NPU:0
PTA+GE,1773307480210797.710	,138.7685546875,238.0,138.7685546875,44,NPU:0
PTA,1773307480210800.350	,138.7685546875,238.0,138.7685546875,44,NPU:0
PTA+GE,1773307480210800.350	,138.7685546875,238.0,138.7685546875,44,NPU:0
PTA,1773307480210838.430	,153.76904296875,238.0,153.76904296875,44,NPU:0
PTA+GE,1773307480210838.430	,153.76904296875,238.0,153.76904296875,44,NPU:0
PTA,1773307480210873.790	,138.7685546875,238.0,138.7685546875,44,NPU:0
PTA+GE,1773307480210873.790	,138.7685546875,238.0,138.7685546875,44,NPU:0
PTA,1773307480210875.940	,138.7685546875,238.0,138.7685546875,44,NPU:0
PTA+GE,1773307480210875.940	,138.7685546875,238.0,138.7685546875,44,NPU:0
PTA,1773307480210880.440	,122.7685546875,238.0,122.7685546875,44,NPU:0
PTA+GE,1773307480210880.440	,122.7685546875,238.0,122.7685546875,44,NPU:0
PTA,1773307480210882.290	,122.7685546875,238.0,122.7685546875,44,NPU:0
PTA+GE,1773307480210882.290	,122.7685546875,238.0,122.7685546875,44,NPU:0
PTA,1773307480210909.960	,137.76904296875,238.0,137.76904296875,44,NPU:0
PTA+GE,1773307480210909.960	,137.76904296875,238.0,137.76904296875,44,NPU:0
PTA,1773307480210978.630	,153.76904296875,238.0,153.76904296875,44,NPU:0
PTA+GE,1773307480210978.630	,153.76904296875,238.0,153.76904296875,44,NPU:0
PTA,1773307480211032.360	,138.7685546875,238.0,138.7685546875,44,NPU:0
PTA+GE,1773307480211032.360	,138.7685546875,238.0,138.7685546875,44,NPU:0
PTA,1773307480211034.880	,138.7685546875,238.0,138.7685546875,44,NPU:0
PTA+GE,1773307480211034.880	,138.7685546875,238.0,138.7685546875,44,NPU:0
PTA,1773307480211040.270	,123.76806640625,238.0,123.76806640625,44,NPU:0
PTA+GE,1773307480211040.270	,123.76806640625,238.0,123.76806640625,44,NPU:0
PTA,1773307480211042.040	,123.76806640625,238.0,123.76806640625,44,NPU:0
PTA+GE,1773307480211042.040	,123.76806640625,238.0,123.76806640625,44,NPU:0
PTA,1773307480211064.400	,138.7685546875,238.0,138.7685546875,44,NPU:0
PTA+GE,1773307480211064.400	,138.7685546875,238.0,138.7685546875,44,NPU:0
PTA,1773307480211113.480	,153.76904296875,238.0,153.76904296875,44,NPU:0
PTA+GE,1773307480211113.480	,153.76904296875,238.0,153.76904296875,44,NPU:0
PTA,1773307480211147.150	,138.7685546875,238.0,138.7685546875,44,NPU:0
PTA+GE,1773307480211147.150	,138.7685546875,238.0,138.7685546875,44,NPU:0
PTA,1773307480211149.760	,138.7685546875,238.0,138.7685546875,44,NPU:0
PTA+GE,1773307480211149.760	,138.7685546875,238.0,138.7685546875,44,NPU:0
PTA,1773307480211234.160	,138.65087890625,238.0,138.65087890625,44,NPU:0
PTA+GE,1773307480211234.160	,138.65087890625,238.0,138.65087890625,44,NPU:0
PTA,1773307480211236.270	,138.65087890625,238.0,138.65087890625,44,NPU:0
PTA+GE,1773307480211236.270	,138.65087890625,238.0,138.65087890625,44,NPU:0
PTA,1773307480211241.080	,138.650390625,238.0,138.650390625,44,NPU:0
PTA+GE,1773307480211241.080	,138.650390625,238.0,138.650390625,44,NPU:0
PTA,1773307480211243.620	,138.650390625,238.0,138.650390625,44,NPU:0
PTA+GE,1773307480211243.620	,138.650390625,238.0,138.650390625,44,NPU:0
PTA,1773307480211266.860	,123.64990234375,238.0,123.64990234375,44,NPU:0
PTA+GE,1773307480211266.860	,123.64990234375,238.0,123.64990234375,44,NPU:0
PTA,1773307480211269.090	,123.64990234375,238.0,123.64990234375,44,NPU:0
PTA+GE,1773307480211269.090	,123.64990234375,238.0,123.64990234375,44,NPU:0
PTA,1773307480211596.770	,123.767578125,238.0,123.767578125,44,NPU:0
PTA+GE,1773307480211596.770	,123.767578125,238.0,123.767578125,44,NPU:0
PTA,1773307480211616.060	,123.76904296875,238.0,123.76904296875,44,NPU:0
PTA+GE,1773307480211616.060	,123.76904296875,238.0,123.76904296875,44,NPU:0
PTA,1773307480211645.840	,123.767578125,238.0,123.767578125,44,NPU:0
PTA+GE,1773307480211645.840	,123.767578125,238.0,123.767578125,44,NPU:0
PTA,1773307480211647.620	,123.767578125,238.0,123.767578125,44,NPU:0
PTA+GE,1773307480211647.620	,123.767578125,238.0,123.767578125,44,NPU:0
PTA,1773307480211703.380	,138.76806640625,238.0,138.76806640625,44,NPU:0
PTA+GE,1773307480211703.380	,138.76806640625,238.0,138.76806640625,44,NPU:0
PTA,1773307480211745.720	,153.7685546875,238.0,153.7685546875,44,NPU:0
PTA+GE,1773307480211745.720	,153.7685546875,238.0,153.7685546875,44,NPU:0
PTA,1773307480211787.010	,153.88623046875,238.0,153.88623046875,44,NPU:0
PTA+GE,1773307480211787.010	,153.88623046875,238.0,153.88623046875,44,NPU:0
PTA,1773307480211799.820	,153.8876953125,238.0,153.8876953125,44,NPU:0
PTA+GE,1773307480211799.820	,153.8876953125,238.0,153.8876953125,44,NPU:0
PTA,1773307480211818.140	,153.88623046875,238.0,153.88623046875,44,NPU:0
PTA+GE,1773307480211818.140	,153.88623046875,238.0,153.88623046875,44,NPU:0
PTA,1773307480211820.280	,153.88623046875,238.0,153.88623046875,44,NPU:0
PTA+GE,1773307480211820.280	,153.88623046875,238.0,153.88623046875,44,NPU:0
PTA,1773307480211824.960	,138.8857421875,238.0,138.8857421875,44,NPU:0
PTA+GE,1773307480211824.960	,138.8857421875,238.0,138.8857421875,44,NPU:0
PTA,1773307480211826.370	,138.8857421875,238.0,138.8857421875,44,NPU:0
PTA+GE,1773307480211826.370	,138.8857421875,238.0,138.8857421875,44,NPU:0
PTA,1773307480211837.120	,122.8857421875,238.0,122.8857421875,44,NPU:0
PTA+GE,1773307480211837.120	,122.8857421875,238.0,122.8857421875,44,NPU:0
PTA,1773307480211838.940	,122.8857421875,238.0,122.8857421875,44,NPU:0
PTA+GE,1773307480211838.940	,122.8857421875,238.0,122.8857421875,44,NPU:0
PTA,1773307480211880.850	,137.88623046875,238.0,137.88623046875,44,NPU:0
PTA+GE,1773307480211880.850	,137.88623046875,238.0,137.88623046875,44,NPU:0
PTA,1773307480211953.490	,122.8857421875,238.0,122.8857421875,44,NPU:0
PTA+GE,1773307480211953.490	,122.8857421875,238.0,122.8857421875,44,NPU:0
PTA,1773307480211955.310	,122.8857421875,238.0,122.8857421875,44,NPU:0
PTA+GE,1773307480211955.310	,122.8857421875,238.0,122.8857421875,44,NPU:0
PTA,1773307480212088.740	,138.8857421875,238.0,138.8857421875,44,NPU:0
PTA+GE,1773307480212088.740	,138.8857421875,238.0,138.8857421875,44,NPU:0
PTA,1773307480212111.740	,198.88720703125,238.0,198.88720703125,44,NPU:0
PTA+GE,1773307480212111.740	,198.88720703125,238.0,198.88720703125,44,NPU:0
PTA,1773307480212145.680	,138.8857421875,238.0,138.8857421875,44,NPU:0
PTA+GE,1773307480212145.680	,138.8857421875,238.0,138.8857421875,44,NPU:0
PTA,1773307480212148.020	,138.8857421875,238.0,138.8857421875,44,NPU:0
PTA+GE,1773307480212148.020	,138.8857421875,238.0,138.8857421875,44,NPU:0
PTA,1773307480212155.820	,123.88525390625,238.0,123.88525390625,44,NPU:0
PTA+GE,1773307480212155.820	,123.88525390625,238.0,123.88525390625,44,NPU:0
PTA,1773307480212158.120	,123.88525390625,238.0,123.88525390625,44,NPU:0
PTA+GE,1773307480212158.120	,123.88525390625,238.0,123.88525390625,44,NPU:0
PTA,1773307480212195.510	,138.8857421875,238.0,138.8857421875,44,NPU:0
PTA+GE,1773307480212195.510	,138.8857421875,238.0,138.8857421875,44,NPU:0
PTA,1773307480212248.190	,122.8857421875,238.0,122.8857421875,44,NPU:0
PTA+GE,1773307480212248.190	,122.8857421875,238.0,122.8857421875,44,NPU:0
PTA,1773307480212250.370	,122.8857421875,238.0,122.8857421875,44,NPU:0
PTA+GE,1773307480212250.370	,122.8857421875,238.0,122.8857421875,44,NPU:0
PTA,1773307480212293.920	,138.8857421875,238.0,138.8857421875,44,NPU:0
PTA+GE,1773307480212293.920	,138.8857421875,238.0,138.8857421875,44,NPU:0
PTA,1773307480212329.670	,123.88525390625,238.0,123.88525390625,44,NPU:0
PTA+GE,1773307480212329.670	,123.88525390625,238.0,123.88525390625,44,NPU:0
PTA,1773307480212332.110	,123.88525390625,238.0,123.88525390625,44,NPU:0
PTA+GE,1773307480212332.110	,123.88525390625,238.0,123.88525390625,44,NPU:0
PTA,1773307480212336.150	,108.884765625,238.0,108.884765625,44,NPU:0
PTA+GE,1773307480212336.150	,108.884765625,238.0,108.884765625,44,NPU:0
PTA,1773307480212337.580	,108.884765625,238.0,108.884765625,44,NPU:0
PTA+GE,1773307480212337.580	,108.884765625,238.0,108.884765625,44,NPU:0
PTA,1773307480212388.540	,123.88525390625,238.0,123.88525390625,44,NPU:0
PTA+GE,1773307480212388.540	,123.88525390625,238.0,123.88525390625,44,NPU:0
PTA,1773307480212424.160	,107.88525390625,238.0,107.88525390625,44,NPU:0
PTA+GE,1773307480212424.160	,107.88525390625,238.0,107.88525390625,44,NPU:0
PTA,1773307480212426.320	,107.88525390625,238.0,107.88525390625,44,NPU:0
PTA+GE,1773307480212426.320	,107.88525390625,238.0,107.88525390625,44,NPU:0
PTA,1773307480212492.280	,123.88525390625,238.0,123.88525390625,44,NPU:0
PTA+GE,1773307480212492.280	,123.88525390625,238.0,123.88525390625,44,NPU:0
PTA,1773307480212534.890	,108.884765625,238.0,108.884765625,44,NPU:0
PTA+GE,1773307480212534.890	,108.884765625,238.0,108.884765625,44,NPU:0
PTA,1773307480212537.100	,108.884765625,238.0,108.884765625,44,NPU:0
PTA+GE,1773307480212537.100	,108.884765625,238.0,108.884765625,44,NPU:0
PTA,1773307480212541.860	,93.88427734375,238.0,93.88427734375,44,NPU:0
PTA+GE,1773307480212541.860	,93.88427734375,238.0,93.88427734375,44,NPU:0
PTA,1773307480212543.690	,93.88427734375,238.0,93.88427734375,44,NPU:0
PTA+GE,1773307480212543.690	,93.88427734375,238.0,93.88427734375,44,NPU:0
PTA,1773307480212597.500	,108.884765625,238.0,108.884765625,44,NPU:0
PTA+GE,1773307480212597.500	,108.884765625,238.0,108.884765625,44,NPU:0
PTA,1773307480212639.690	,123.88525390625,238.0,123.88525390625,44,NPU:0
PTA+GE,1773307480212639.690	,123.88525390625,238.0,123.88525390625,44,NPU:0
PTA,1773307480212691.440	,138.8857421875,238.0,138.8857421875,44,NPU:0
PTA+GE,1773307480212691.440	,138.8857421875,238.0,138.8857421875,44,NPU:0
PTA,1773307480212736.530	,153.88623046875,238.0,153.88623046875,44,NPU:0
PTA+GE,1773307480212736.530	,153.88623046875,238.0,153.88623046875,44,NPU:0
PTA,1773307480212764.200	,138.8857421875,238.0,138.8857421875,44,NPU:0
PTA+GE,1773307480212764.200	,138.8857421875,238.0,138.8857421875,44,NPU:0
PTA,1773307480212766.190	,138.8857421875,238.0,138.8857421875,44,NPU:0
PTA+GE,1773307480212766.190	,138.8857421875,238.0,138.8857421875,44,NPU:0
PTA,1773307480212769.200	,123.88525390625,238.0,123.88525390625,44,NPU:0
PTA+GE,1773307480212769.200	,123.88525390625,238.0,123.88525390625,44,NPU:0
PTA,1773307480212770.820	,123.88525390625,238.0,123.88525390625,44,NPU:0
PTA+GE,1773307480212770.820	,123.88525390625,238.0,123.88525390625,44,NPU:0
PTA,1773307480212787.970	,108.884765625,238.0,108.884765625,44,NPU:0
PTA+GE,1773307480212787.970	,108.884765625,238.0,108.884765625,44,NPU:0
PTA,1773307480212789.360	,108.884765625,238.0,108.884765625,44,NPU:0
PTA+GE,1773307480212789.360	,108.884765625,238.0,108.884765625,44,NPU:0
PTA,1773307480212803.840	,123.88525390625,238.0,123.88525390625,44,NPU:0
PTA+GE,1773307480212803.840	,123.88525390625,238.0,123.88525390625,44,NPU:0
PTA,1773307480212847.510	,124.0029296875,238.0,124.0029296875,44,NPU:0
PTA+GE,1773307480212847.510	,124.0029296875,238.0,124.0029296875,44,NPU:0
PTA,1773307480212860.460	,124.00439453125,238.0,124.00439453125,44,NPU:0
PTA+GE,1773307480212860.460	,124.00439453125,238.0,124.00439453125,44,NPU:0
PTA,1773307480212888.850	,124.0029296875,238.0,124.0029296875,44,NPU:0
PTA+GE,1773307480212888.850	,124.0029296875,238.0,124.0029296875,44,NPU:0
PTA,1773307480212890.760	,124.0029296875,238.0,124.0029296875,44,NPU:0
PTA+GE,1773307480212890.760	,124.0029296875,238.0,124.0029296875,44,NPU:0
PTA,1773307480212895.730	,109.00244140625,238.0,109.00244140625,44,NPU:0
PTA+GE,1773307480212895.730	,109.00244140625,238.0,109.00244140625,44,NPU:0
PTA,1773307480212897.230	,109.00244140625,238.0,109.00244140625,44,NPU:0
PTA+GE,1773307480212897.230	,109.00244140625,238.0,109.00244140625,44,NPU:0
PTA,1773307480212900.680	,93.00244140625,238.0,93.00244140625,44,NPU:0
PTA+GE,1773307480212900.680	,93.00244140625,238.0,93.00244140625,44,NPU:0
PTA,1773307480212902.110	,93.00244140625,238.0,93.00244140625,44,NPU:0
PTA+GE,1773307480212902.110	,93.00244140625,238.0,93.00244140625,44,NPU:0
PTA,1773307480212912.340	,92.884765625,238.0,92.884765625,44,NPU:0
PTA+GE,1773307480212912.340	,92.884765625,238.0,92.884765625,44,NPU:0
PTA,1773307480212914.150	,92.884765625,238.0,92.884765625,44,NPU:0
PTA+GE,1773307480212914.150	,92.884765625,238.0,92.884765625,44,NPU:0
PTA,1773307480212918.840	,76.884765625,238.0,76.884765625,44,NPU:0
PTA+GE,1773307480212918.840	,76.884765625,238.0,76.884765625,44,NPU:0
PTA,1773307480212920.290	,76.884765625,238.0,76.884765625,44,NPU:0
PTA+GE,1773307480212920.290	,76.884765625,238.0,76.884765625,44,NPU:0
PTA,1773307480212963.000	,76.76708984375,238.0,76.76708984375,44,NPU:0
PTA+GE,1773307480212963.000	,76.76708984375,238.0,76.76708984375,44,NPU:0
PTA,1773307480212965.000	,76.76708984375,238.0,76.76708984375,44,NPU:0
PTA+GE,1773307480212965.000	,76.76708984375,238.0,76.76708984375,44,NPU:0
PTA,1773307480213032.330	,76.884765625,238.0,76.884765625,44,NPU:0
PTA+GE,1773307480213032.330	,76.884765625,238.0,76.884765625,44,NPU:0
PTA,1773307480213057.640	,77.35498046875,238.0,77.35498046875,44,NPU:0
PTA+GE,1773307480213057.640	,77.35498046875,238.0,77.35498046875,44,NPU:0
PTA,1773307480213082.270	,76.884765625,238.0,76.884765625,44,NPU:0
PTA+GE,1773307480213082.270	,76.884765625,238.0,76.884765625,44,NPU:0
PTA,1773307480213084.570	,76.884765625,238.0,76.884765625,44,NPU:0
PTA+GE,1773307480213084.570	,76.884765625,238.0,76.884765625,44,NPU:0
PTA,1773307480213094.440	,76.76708984375,238.0,76.76708984375,44,NPU:0
PTA+GE,1773307480213094.440	,76.76708984375,238.0,76.76708984375,44,NPU:0
PTA,1773307480213096.940	,76.76708984375,238.0,76.76708984375,44,NPU:0
PTA+GE,1773307480213096.940	,76.76708984375,238.0,76.76708984375,44,NPU:0
PTA,1773307480213152.340	,91.767578125,238.0,91.767578125,44,NPU:0
PTA+GE,1773307480213152.340	,91.767578125,238.0,91.767578125,44,NPU:0
PTA,1773307480213216.680	,91.88525390625,238.0,91.88525390625,44,NPU:0
PTA+GE,1773307480213216.680	,91.88525390625,238.0,91.88525390625,44,NPU:0
PTA,1773307480213232.520	,91.88671875,238.0,91.88671875,44,NPU:0
PTA+GE,1773307480213232.520	,91.88671875,238.0,91.88671875,44,NPU:0
PTA,1773307480213263.980	,91.88525390625,238.0,91.88525390625,44,NPU:0
PTA+GE,1773307480213263.980	,91.88525390625,238.0,91.88525390625,44,NPU:0
PTA,1773307480213266.160	,91.88525390625,238.0,91.88525390625,44,NPU:0
PTA+GE,1773307480213266.160	,91.88525390625,238.0,91.88525390625,44,NPU:0
PTA,1773307480213279.130	,76.884765625,238.0,76.884765625,44,NPU:0
PTA+GE,1773307480213279.130	,76.884765625,238.0,76.884765625,44,NPU:0
PTA,1773307480213280.990	,76.884765625,238.0,76.884765625,44,NPU:0
PTA+GE,1773307480213280.990	,76.884765625,238.0,76.884765625,44,NPU:0
PTA,1773307480213331.090	,76.76708984375,238.0,76.76708984375,44,NPU:0
PTA+GE,1773307480213331.090	,76.76708984375,238.0,76.76708984375,44,NPU:0
PTA,1773307480213333.250	,76.76708984375,238.0,76.76708984375,44,NPU:0
PTA+GE,1773307480213333.250	,76.76708984375,238.0,76.76708984375,44,NPU:0
PTA,1773307480213420.100	,76.6494140625,238.0,76.6494140625,44,NPU:0
PTA+GE,1773307480213420.100	,76.6494140625,238.0,76.6494140625,44,NPU:0
PTA,1773307480213422.210	,76.6494140625,238.0,76.6494140625,44,NPU:0
PTA+GE,1773307480213422.210	,76.6494140625,238.0,76.6494140625,44,NPU:0
PTA,1773307480213557.100	,61.64892578125,238.0,61.64892578125,44,NPU:0
PTA+GE,1773307480213557.100	,61.64892578125,238.0,61.64892578125,44,NPU:0
PTA,1773307480213559.260	,61.64892578125,238.0,61.64892578125,44,NPU:0
PTA+GE,1773307480213559.260	,61.64892578125,238.0,61.64892578125,44,NPU:0
PTA,1773307480213607.830	,61.6494140625,238.0,61.6494140625,44,NPU:0
PTA+GE,1773307480213607.830	,61.6494140625,238.0,61.6494140625,44,NPU:0
PTA,1773307480213666.580	,61.76708984375,238.0,61.76708984375,44,NPU:0
PTA+GE,1773307480213666.580	,61.76708984375,238.0,61.76708984375,44,NPU:0
PTA,1773307480213697.060	,61.7666015625,238.0,61.7666015625,44,NPU:0
PTA+GE,1773307480213697.060	,61.7666015625,238.0,61.7666015625,44,NPU:0
PTA,1773307480213699.170	,61.7666015625,238.0,61.7666015625,44,NPU:0
PTA+GE,1773307480213699.170	,61.7666015625,238.0,61.7666015625,44,NPU:0
PTA,1773307480213707.050	,61.64892578125,238.0,61.64892578125,44,NPU:0
PTA+GE,1773307480213707.050	,61.64892578125,238.0,61.64892578125,44,NPU:0
PTA,1773307480213708.940	,61.64892578125,238.0,61.64892578125,44,NPU:0
PTA+GE,1773307480213708.940	,61.64892578125,238.0,61.64892578125,44,NPU:0
PTA,1773307480213718.850	,61.58984375,238.0,61.58984375,44,NPU:0
PTA+GE,1773307480213718.850	,61.58984375,238.0,61.58984375,44,NPU:0
PTA,1773307480213720.500	,61.58984375,238.0,61.58984375,44,NPU:0
PTA+GE,1773307480213720.500	,61.58984375,238.0,61.58984375,44,NPU:0
PTA,1773307480213795.640	,61.47216796875,238.0,61.47216796875,44,NPU:0
PTA+GE,1773307480213795.640	,61.47216796875,238.0,61.47216796875,44,NPU:0
PTA,1773307480213797.480	,61.47216796875,238.0,61.47216796875,44,NPU:0
PTA+GE,1773307480213797.480	,61.47216796875,238.0,61.47216796875,44,NPU:0
PTA,1773307480214165.440	,61.47265625,238.0,61.47265625,44,NPU:0
PTA+GE,1773307480214165.440	,61.47265625,238.0,61.47265625,44,NPU:0
PTA,1773307480214313.810	,61.53173828125,238.0,61.53173828125,44,NPU:0
PTA+GE,1773307480214313.810	,61.53173828125,238.0,61.53173828125,44,NPU:0
PTA,1773307480214333.480	,61.76708984375,238.0,61.76708984375,44,NPU:0
PTA+GE,1773307480214333.480	,61.76708984375,238.0,61.76708984375,44,NPU:0
PTA,1773307480214361.390	,61.53173828125,238.0,61.53173828125,44,NPU:0
PTA+GE,1773307480214361.390	,61.53173828125,238.0,61.53173828125,44,NPU:0
PTA,1773307480214363.100	,61.53173828125,238.0,61.53173828125,44,NPU:0
PTA+GE,1773307480214363.100	,61.53173828125,238.0,61.53173828125,44,NPU:0
PTA,1773307480214393.410	,61.6494140625,238.0,61.6494140625,44,NPU:0
PTA+GE,1773307480214393.410	,61.6494140625,238.0,61.6494140625,44,NPU:0
PTA,1773307480214408.340	,62.11962890625,238.0,62.11962890625,44,NPU:0
PTA+GE,1773307480214408.340	,62.11962890625,238.0,62.11962890625,44,NPU:0
PTA,1773307480214443.510	,61.6494140625,238.0,61.6494140625,44,NPU:0
PTA+GE,1773307480214443.510	,61.6494140625,238.0,61.6494140625,44,NPU:0
PTA,1773307480214445.550	,61.6494140625,238.0,61.6494140625,44,NPU:0
PTA+GE,1773307480214445.550	,61.6494140625,238.0,61.6494140625,44,NPU:0
PTA,1773307480214527.910	,77.6494140625,238.0,77.6494140625,44,NPU:0
PTA+GE,1773307480214527.910	,77.6494140625,238.0,77.6494140625,44,NPU:0
PTA,1773307480214596.570	,77.76708984375,238.0,77.76708984375,44,NPU:0
PTA+GE,1773307480214596.570	,77.76708984375,238.0,77.76708984375,44,NPU:0
PTA,1773307480214619.380	,78.2373046875,238.0,78.2373046875,44,NPU:0
PTA+GE,1773307480214619.380	,78.2373046875,238.0,78.2373046875,44,NPU:0
PTA,1773307480214638.300	,77.76708984375,238.0,77.76708984375,44,NPU:0
PTA+GE,1773307480214638.300	,77.76708984375,238.0,77.76708984375,44,NPU:0
PTA,1773307480214640.040	,77.76708984375,238.0,77.76708984375,44,NPU:0
PTA+GE,1773307480214640.040	,77.76708984375,238.0,77.76708984375,44,NPU:0
PTA,1773307480214668.700	,93.76708984375,238.0,93.76708984375,44,NPU:0
PTA+GE,1773307480214668.700	,93.76708984375,238.0,93.76708984375,44,NPU:0
PTA,1773307480214732.090	,108.767578125,238.0,108.767578125,44,NPU:0
PTA+GE,1773307480214732.090	,108.767578125,238.0,108.767578125,44,NPU:0
PTA,1773307480214792.180	,123.76806640625,238.0,123.76806640625,44,NPU:0
PTA+GE,1773307480214792.180	,123.76806640625,238.0,123.76806640625,44,NPU:0
PTA,1773307480214833.760	,108.767578125,238.0,108.767578125,44,NPU:0
PTA+GE,1773307480214833.760	,108.767578125,238.0,108.767578125,44,NPU:0
PTA,1773307480214836.340	,108.767578125,238.0,108.767578125,44,NPU:0
PTA+GE,1773307480214836.340	,108.767578125,238.0,108.767578125,44,NPU:0
PTA,1773307480214865.340	,123.76806640625,238.0,123.76806640625,44,NPU:0
PTA+GE,1773307480214865.340	,123.76806640625,238.0,123.76806640625,44,NPU:0
PTA,1773307480214911.630	,107.76806640625,238.0,107.76806640625,44,NPU:0
PTA+GE,1773307480214911.630	,107.76806640625,238.0,107.76806640625,44,NPU:0
PTA,1773307480214913.750	,107.76806640625,238.0,107.76806640625,44,NPU:0
PTA+GE,1773307480214913.750	,107.76806640625,238.0,107.76806640625,44,NPU:0
PTA,1773307480214946.120	,123.76806640625,238.0,123.76806640625,44,NPU:0
PTA+GE,1773307480214946.120	,123.76806640625,238.0,123.76806640625,44,NPU:0
PTA,1773307480215007.070	,138.7685546875,238.0,138.7685546875,44,NPU:0
PTA+GE,1773307480215007.070	,138.7685546875,238.0,138.7685546875,44,NPU:0
PTA,1773307480215047.420	,122.7685546875,238.0,122.7685546875,44,NPU:0
PTA+GE,1773307480215047.420	,122.7685546875,238.0,122.7685546875,44,NPU:0
PTA,1773307480215049.490	,122.7685546875,238.0,122.7685546875,44,NPU:0
PTA+GE,1773307480215049.490	,122.7685546875,238.0,122.7685546875,44,NPU:0
PTA,1773307480215076.360	,138.7685546875,238.0,138.7685546875,44,NPU:0
PTA+GE,1773307480215076.360	,138.7685546875,238.0,138.7685546875,44,NPU:0
PTA,1773307480215156.200	,123.76806640625,238.0,123.76806640625,44,NPU:0
PTA+GE,1773307480215156.200	,123.76806640625,238.0,123.76806640625,44,NPU:0
PTA,1773307480215158.490	,123.76806640625,238.0,123.76806640625,44,NPU:0
PTA+GE,1773307480215158.490	,123.76806640625,238.0,123.76806640625,44,NPU:0
PTA,1773307480215193.950	,138.7685546875,238.0,138.7685546875,44,NPU:0
PTA+GE,1773307480215193.950	,138.7685546875,238.0,138.7685546875,44,NPU:0
PTA,1773307480215216.550	,198.77001953125,238.0,198.77001953125,44,NPU:0
PTA+GE,1773307480215216.550	,198.77001953125,238.0,198.77001953125,44,NPU:0
PTA,1773307480215240.650	,138.7685546875,238.0,138.7685546875,44,NPU:0
PTA+GE,1773307480215240.650	,138.7685546875,238.0,138.7685546875,44,NPU:0
PTA,1773307480215242.390	,138.7685546875,238.0,138.7685546875,44,NPU:0
PTA+GE,1773307480215242.390	,138.7685546875,238.0,138.7685546875,44,NPU:0
PTA,1773307480215254.600	,122.7685546875,238.0,122.7685546875,44,NPU:0
PTA+GE,1773307480215254.600	,122.7685546875,238.0,122.7685546875,44,NPU:0
PTA,1773307480215256.870	,122.7685546875,238.0,122.7685546875,44,NPU:0
PTA+GE,1773307480215256.870	,122.7685546875,238.0,122.7685546875,44,NPU:0
PTA,1773307480215286.030	,138.7685546875,238.0,138.7685546875,44,NPU:0
PTA+GE,1773307480215286.030	,138.7685546875,238.0,138.7685546875,44,NPU:0
PTA,1773307480215332.970	,123.76806640625,238.0,123.76806640625,44,NPU:0
PTA+GE,1773307480215332.970	,123.76806640625,238.0,123.76806640625,44,NPU:0
PTA,1773307480215335.050	,123.76806640625,238.0,123.76806640625,44,NPU:0
PTA+GE,1773307480215335.050	,123.76806640625,238.0,123.76806640625,44,NPU:0
PTA,1773307480215354.130	,138.7685546875,238.0,138.7685546875,44,NPU:0
PTA+GE,1773307480215354.130	,138.7685546875,238.0,138.7685546875,44,NPU:0
PTA,1773307480215406.960	,153.76904296875,238.0,153.76904296875,44,NPU:0
PTA+GE,1773307480215406.960	,153.76904296875,238.0,153.76904296875,44,NPU:0
PTA,1773307480215441.160	,138.7685546875,238.0,138.7685546875,44,NPU:0
PTA+GE,1773307480215441.160	,138.7685546875,238.0,138.7685546875,44,NPU:0
PTA,1773307480215443.300	,138.7685546875,238.0,138.7685546875,44,NPU:0
PTA+GE,1773307480215443.300	,138.7685546875,238.0,138.7685546875,44,NPU:0
PTA,1773307480215481.420	,153.76904296875,238.0,153.76904296875,44,NPU:0
PTA+GE,1773307480215481.420	,153.76904296875,238.0,153.76904296875,44,NPU:0
PTA,1773307480215521.060	,138.7685546875,238.0,138.7685546875,44,NPU:0
PTA+GE,1773307480215521.060	,138.7685546875,238.0,138.7685546875,44,NPU:0
PTA,1773307480215523.190	,138.7685546875,238.0,138.7685546875,44,NPU:0
PTA+GE,1773307480215523.190	,138.7685546875,238.0,138.7685546875,44,NPU:0
PTA,1773307480215527.400	,122.7685546875,238.0,122.7685546875,44,NPU:0
PTA+GE,1773307480215527.400	,122.7685546875,238.0,122.7685546875,44,NPU:0
PTA,1773307480215529.070	,122.7685546875,238.0,122.7685546875,44,NPU:0
PTA+GE,1773307480215529.070	,122.7685546875,238.0,122.7685546875,44,NPU:0
PTA,1773307480215557.880	,137.76904296875,238.0,137.76904296875,44,NPU:0
PTA+GE,1773307480215557.880	,137.76904296875,238.0,137.76904296875,44,NPU:0
PTA,1773307480215643.890	,153.76904296875,238.0,153.76904296875,44,NPU:0
PTA+GE,1773307480215643.890	,153.76904296875,238.0,153.76904296875,44,NPU:0
PTA,1773307480215685.210	,138.7685546875,238.0,138.7685546875,44,NPU:0
PTA+GE,1773307480215685.210	,138.7685546875,238.0,138.7685546875,44,NPU:0
PTA,1773307480215687.930	,138.7685546875,238.0,138.7685546875,44,NPU:0
PTA+GE,1773307480215687.930	,138.7685546875,238.0,138.7685546875,44,NPU:0
PTA,1773307480215693.460	,123.76806640625,238.0,123.76806640625,44,NPU:0
PTA+GE,1773307480215693.460	,123.76806640625,238.0,123.76806640625,44,NPU:0
PTA,1773307480215695.380	,123.76806640625,238.0,123.76806640625,44,NPU:0
PTA+GE,1773307480215695.380	,123.76806640625,238.0,123.76806640625,44,NPU:0
PTA,1773307480215717.190	,138.7685546875,238.0,138.7685546875,44,NPU:0
PTA+GE,1773307480215717.190	,138.7685546875,238.0,138.7685546875,44,NPU:0
PTA,1773307480215766.780	,153.76904296875,238.0,153.76904296875,44,NPU:0
PTA+GE,1773307480215766.780	,153.76904296875,238.0,153.76904296875,44,NPU:0
PTA,1773307480215801.190	,138.7685546875,238.0,138.7685546875,44,NPU:0
PTA+GE,1773307480215801.190	,138.7685546875,238.0,138.7685546875,44,NPU:0
PTA,1773307480215803.640	,138.7685546875,238.0,138.7685546875,44,NPU:0
PTA+GE,1773307480215803.640	,138.7685546875,238.0,138.7685546875,44,NPU:0
PTA,1773307480215853.150	,138.65087890625,238.0,138.65087890625,44,NPU:0
PTA+GE,1773307480215853.150	,138.65087890625,238.0,138.65087890625,44,NPU:0
PTA,1773307480215855.690	,138.65087890625,238.0,138.65087890625,44,NPU:0
PTA+GE,1773307480215855.690	,138.65087890625,238.0,138.65087890625,44,NPU:0
PTA,1773307480215860.600	,138.650390625,238.0,138.650390625,44,NPU:0
PTA+GE,1773307480215860.600	,138.650390625,238.0,138.650390625,44,NPU:0
PTA,1773307480215862.070	,138.650390625,238.0,138.650390625,44,NPU:0
PTA+GE,1773307480215862.070	,138.650390625,238.0,138.650390625,44,NPU:0
PTA,1773307480215886.150	,123.64990234375,238.0,123.64990234375,44,NPU:0
PTA+GE,1773307480215886.150	,123.64990234375,238.0,123.64990234375,44,NPU:0
PTA,1773307480215888.060	,123.64990234375,238.0,123.64990234375,44,NPU:0
PTA+GE,1773307480215888.060	,123.64990234375,238.0,123.64990234375,44,NPU:0
PTA,1773307480216239.580	,123.767578125,238.0,123.767578125,44,NPU:0
PTA+GE,1773307480216239.580	,123.767578125,238.0,123.767578125,44,NPU:0
PTA,1773307480216259.030	,123.76904296875,238.0,123.76904296875,44,NPU:0
PTA+GE,1773307480216259.030	,123.76904296875,238.0,123.76904296875,44,NPU:0
PTA,1773307480216283.260	,123.767578125,238.0,123.767578125,44,NPU:0
PTA+GE,1773307480216283.260	,123.767578125,238.0,123.767578125,44,NPU:0
PTA,1773307480216285.340	,123.767578125,238.0,123.767578125,44,NPU:0
PTA+GE,1773307480216285.340	,123.767578125,238.0,123.767578125,44,NPU:0
PTA,1773307480216340.510	,138.76806640625,238.0,138.76806640625,44,NPU:0
PTA+GE,1773307480216340.510	,138.76806640625,238.0,138.76806640625,44,NPU:0
PTA,1773307480216402.380	,153.7685546875,238.0,153.7685546875,44,NPU:0
PTA+GE,1773307480216402.380	,153.7685546875,238.0,153.7685546875,44,NPU:0
PTA,1773307480216438.890	,153.88623046875,238.0,153.88623046875,44,NPU:0
PTA+GE,1773307480216438.890	,153.88623046875,238.0,153.88623046875,44,NPU:0
PTA,1773307480216451.540	,153.8876953125,238.0,153.8876953125,44,NPU:0
PTA+GE,1773307480216451.540	,153.8876953125,238.0,153.8876953125,44,NPU:0
PTA,1773307480216482.070	,153.88623046875,238.0,153.88623046875,44,NPU:0
PTA+GE,1773307480216482.070	,153.88623046875,238.0,153.88623046875,44,NPU:0
PTA,1773307480216484.050	,153.88623046875,238.0,153.88623046875,44,NPU:0
PTA+GE,1773307480216484.050	,153.88623046875,238.0,153.88623046875,44,NPU:0
PTA,1773307480216489.750	,138.8857421875,238.0,138.8857421875,44,NPU:0
PTA+GE,1773307480216489.750	,138.8857421875,238.0,138.8857421875,44,NPU:0
PTA,1773307480216491.670	,138.8857421875,238.0,138.8857421875,44,NPU:0
PTA+GE,1773307480216491.670	,138.8857421875,238.0,138.8857421875,44,NPU:0
PTA,1773307480216502.620	,122.8857421875,238.0,122.8857421875,44,NPU:0
PTA+GE,1773307480216502.620	,122.8857421875,238.0,122.8857421875,44,NPU:0
PTA,1773307480216504.190	,122.8857421875,238.0,122.8857421875,44,NPU:0
PTA+GE,1773307480216504.190	,122.8857421875,238.0,122.8857421875,44,NPU:0
PTA,1773307480216550.500	,137.88623046875,238.0,137.88623046875,44,NPU:0
PTA+GE,1773307480216550.500	,137.88623046875,238.0,137.88623046875,44,NPU:0
PTA,1773307480216597.360	,122.8857421875,238.0,122.8857421875,44,NPU:0
PTA+GE,1773307480216597.360	,122.8857421875,238.0,122.8857421875,44,NPU:0
PTA,1773307480216599.480	,122.8857421875,238.0,122.8857421875,44,NPU:0
PTA+GE,1773307480216599.480	,122.8857421875,238.0,122.8857421875,44,NPU:0
PTA,1773307480216685.240	,138.8857421875,238.0,138.8857421875,44,NPU:0
PTA+GE,1773307480216685.240	,138.8857421875,238.0,138.8857421875,44,NPU:0
PTA,1773307480216706.340	,198.88720703125,238.0,198.88720703125,44,NPU:0
PTA+GE,1773307480216706.340	,198.88720703125,238.0,198.88720703125,44,NPU:0
PTA,1773307480216729.930	,138.8857421875,238.0,138.8857421875,44,NPU:0
PTA+GE,1773307480216729.930	,138.8857421875,238.0,138.8857421875,44,NPU:0
PTA,1773307480216731.860	,138.8857421875,238.0,138.8857421875,44,NPU:0
PTA+GE,1773307480216731.860	,138.8857421875,238.0,138.8857421875,44,NPU:0
PTA,1773307480216740.560	,123.88525390625,238.0,123.88525390625,44,NPU:0
PTA+GE,1773307480216740.560	,123.88525390625,238.0,123.88525390625,44,NPU:0
PTA,1773307480216742.270	,123.88525390625,238.0,123.88525390625,44,NPU:0
PTA+GE,1773307480216742.270	,123.88525390625,238.0,123.88525390625,44,NPU:0
PTA,1773307480216780.710	,138.8857421875,238.0,138.8857421875,44,NPU:0
PTA+GE,1773307480216780.710	,138.8857421875,238.0,138.8857421875,44,NPU:0
PTA,1773307480216814.470	,122.8857421875,238.0,122.8857421875,44,NPU:0
PTA+GE,1773307480216814.470	,122.8857421875,238.0,122.8857421875,44,NPU:0
PTA,1773307480216816.580	,122.8857421875,238.0,122.8857421875,44,NPU:0
PTA+GE,1773307480216816.580	,122.8857421875,238.0,122.8857421875,44,NPU:0
PTA,1773307480216855.690	,138.8857421875,238.0,138.8857421875,44,NPU:0
PTA+GE,1773307480216855.690	,138.8857421875,238.0,138.8857421875,44,NPU:0
PTA,1773307480216890.580	,123.88525390625,238.0,123.88525390625,44,NPU:0
PTA+GE,1773307480216890.580	,123.88525390625,238.0,123.88525390625,44,NPU:0
PTA,1773307480216892.550	,123.88525390625,238.0,123.88525390625,44,NPU:0
PTA+GE,1773307480216892.550	,123.88525390625,238.0,123.88525390625,44,NPU:0
PTA,1773307480216896.340	,108.884765625,238.0,108.884765625,44,NPU:0
PTA+GE,1773307480216896.340	,108.884765625,238.0,108.884765625,44,NPU:0
PTA,1773307480216898.370	,108.884765625,238.0,108.884765625,44,NPU:0
PTA+GE,1773307480216898.370	,108.884765625,238.0,108.884765625,44,NPU:0
PTA,1773307480216930.350	,123.88525390625,238.0,123.88525390625,44,NPU:0
PTA+GE,1773307480216930.350	,123.88525390625,238.0,123.88525390625,44,NPU:0
PTA,1773307480216962.710	,107.88525390625,238.0,107.88525390625,44,NPU:0
PTA+GE,1773307480216962.710	,107.88525390625,238.0,107.88525390625,44,NPU:0
PTA,1773307480216964.730	,107.88525390625,238.0,107.88525390625,44,NPU:0
PTA+GE,1773307480216964.730	,107.88525390625,238.0,107.88525390625,44,NPU:0
PTA,1773307480217017.430	,123.88525390625,238.0,123.88525390625,44,NPU:0
PTA+GE,1773307480217017.430	,123.88525390625,238.0,123.88525390625,44,NPU:0
PTA,1773307480217052.180	,108.884765625,238.0,108.884765625,44,NPU:0
PTA+GE,1773307480217052.180	,108.884765625,238.0,108.884765625,44,NPU:0
PTA,1773307480217054.090	,108.884765625,238.0,108.884765625,44,NPU:0
PTA+GE,1773307480217054.090	,108.884765625,238.0,108.884765625,44,NPU:0
PTA,1773307480217058.340	,93.88427734375,238.0,93.88427734375,44,NPU:0
PTA+GE,1773307480217058.340	,93.88427734375,238.0,93.88427734375,44,NPU:0
PTA,1773307480217059.900	,93.88427734375,238.0,93.88427734375,44,NPU:0
PTA+GE,1773307480217059.900	,93.88427734375,238.0,93.88427734375,44,NPU:0
PTA,1773307480217111.690	,108.884765625,238.0,108.884765625,44,NPU:0
PTA+GE,1773307480217111.690	,108.884765625,238.0,108.884765625,44,NPU:0
PTA,1773307480217152.560	,123.88525390625,238.0,123.88525390625,44,NPU:0
PTA+GE,1773307480217152.560	,123.88525390625,238.0,123.88525390625,44,NPU:0
PTA,1773307480217202.680	,138.8857421875,238.0,138.8857421875,44,NPU:0
PTA+GE,1773307480217202.680	,138.8857421875,238.0,138.8857421875,44,NPU:0
PTA,1773307480217238.280	,153.88623046875,238.0,153.88623046875,44,NPU:0
PTA+GE,1773307480217238.280	,153.88623046875,238.0,153.88623046875,44,NPU:0
PTA,1773307480217264.180	,138.8857421875,238.0,138.8857421875,44,NPU:0
PTA+GE,1773307480217264.180	,138.8857421875,238.0,138.8857421875,44,NPU:0
PTA,1773307480217266.230	,138.8857421875,238.0,138.8857421875,44,NPU:0
PTA+GE,1773307480217266.230	,138.8857421875,238.0,138.8857421875,44,NPU:0
PTA,1773307480217268.940	,123.88525390625,238.0,123.88525390625,44,NPU:0
PTA+GE,1773307480217268.940	,123.88525390625,238.0,123.88525390625,44,NPU:0
PTA,1773307480217270.470	,123.88525390625,238.0,123.88525390625,44,NPU:0
PTA+GE,1773307480217270.470	,123.88525390625,238.0,123.88525390625,44,NPU:0
PTA,1773307480217273.720	,108.884765625,238.0,108.884765625,44,NPU:0
PTA+GE,1773307480217273.720	,108.884765625,238.0,108.884765625,44,NPU:0
PTA,1773307480217275.530	,108.884765625,238.0,108.884765625,44,NPU:0
PTA+GE,1773307480217275.530	,108.884765625,238.0,108.884765625,44,NPU:0
PTA,1773307480217289.060	,123.88525390625,238.0,123.88525390625,44,NPU:0
PTA+GE,1773307480217289.060	,123.88525390625,238.0,123.88525390625,44,NPU:0
PTA,1773307480217329.350	,124.0029296875,238.0,124.0029296875,44,NPU:0
PTA+GE,1773307480217329.350	,124.0029296875,238.0,124.0029296875,44,NPU:0
PTA,1773307480217341.530	,124.00439453125,238.0,124.00439453125,44,NPU:0
PTA+GE,1773307480217341.530	,124.00439453125,238.0,124.00439453125,44,NPU:0
PTA,1773307480217360.540	,124.0029296875,238.0,124.0029296875,44,NPU:0
PTA+GE,1773307480217360.540	,124.0029296875,238.0,124.0029296875,44,NPU:0
PTA,1773307480217362.780	,124.0029296875,238.0,124.0029296875,44,NPU:0
PTA+GE,1773307480217362.780	,124.0029296875,238.0,124.0029296875,44,NPU:0
PTA,1773307480217367.980	,109.00244140625,238.0,109.00244140625,44,NPU:0
PTA+GE,1773307480217367.980	,109.00244140625,238.0,109.00244140625,44,NPU:0
PTA,1773307480217369.450	,109.00244140625,238.0,109.00244140625,44,NPU:0
PTA+GE,1773307480217369.450	,109.00244140625,238.0,109.00244140625,44,NPU:0
PTA,1773307480217372.690	,93.00244140625,238.0,93.00244140625,44,NPU:0
PTA+GE,1773307480217372.690	,93.00244140625,238.0,93.00244140625,44,NPU:0
PTA,1773307480217374.510	,93.00244140625,238.0,93.00244140625,44,NPU:0
PTA+GE,1773307480217374.510	,93.00244140625,238.0,93.00244140625,44,NPU:0
PTA,1773307480217383.780	,92.884765625,238.0,92.884765625,44,NPU:0
PTA+GE,1773307480217383.780	,92.884765625,238.0,92.884765625,44,NPU:0
PTA,1773307480217385.710	,92.884765625,238.0,92.884765625,44,NPU:0
PTA+GE,1773307480217385.710	,92.884765625,238.0,92.884765625,44,NPU:0
PTA,1773307480217389.990	,76.884765625,238.0,76.884765625,44,NPU:0
PTA+GE,1773307480217389.990	,76.884765625,238.0,76.884765625,44,NPU:0
PTA,1773307480217391.450	,76.884765625,238.0,76.884765625,44,NPU:0
PTA+GE,1773307480217391.450	,76.884765625,238.0,76.884765625,44,NPU:0
PTA,1773307480217435.000	,76.76708984375,238.0,76.76708984375,44,NPU:0
PTA+GE,1773307480217435.000	,76.76708984375,238.0,76.76708984375,44,NPU:0
PTA,1773307480217437.320	,76.76708984375,238.0,76.76708984375,44,NPU:0
PTA+GE,1773307480217437.320	,76.76708984375,238.0,76.76708984375,44,NPU:0
PTA,1773307480217477.790	,76.884765625,238.0,76.884765625,44,NPU:0
PTA+GE,1773307480217477.790	,76.884765625,238.0,76.884765625,44,NPU:0
PTA,1773307480217498.370	,77.35498046875,238.0,77.35498046875,44,NPU:0
PTA+GE,1773307480217498.370	,77.35498046875,238.0,77.35498046875,44,NPU:0
PTA,1773307480217517.970	,76.884765625,238.0,76.884765625,44,NPU:0
PTA+GE,1773307480217517.970	,76.884765625,238.0,76.884765625,44,NPU:0
PTA,1773307480217519.920	,76.884765625,238.0,76.884765625,44,NPU:0
PTA+GE,1773307480217519.920	,76.884765625,238.0,76.884765625,44,NPU:0
PTA,1773307480217528.280	,76.76708984375,238.0,76.76708984375,44,NPU:0
PTA+GE,1773307480217528.280	,76.76708984375,238.0,76.76708984375,44,NPU:0
PTA,1773307480217530.190	,76.76708984375,238.0,76.76708984375,44,NPU:0
PTA+GE,1773307480217530.190	,76.76708984375,238.0,76.76708984375,44,NPU:0
PTA,1773307480217569.570	,92.76708984375,238.0,92.76708984375,44,NPU:0
PTA+GE,1773307480217569.570	,92.76708984375,238.0,92.76708984375,44,NPU:0
PTA,1773307480217623.540	,92.884765625,238.0,92.884765625,44,NPU:0
PTA+GE,1773307480217623.540	,92.884765625,238.0,92.884765625,44,NPU:0
PTA,1773307480217636.490	,92.88623046875,238.0,92.88623046875,44,NPU:0
PTA+GE,1773307480217636.490	,92.88623046875,238.0,92.88623046875,44,NPU:0
PTA,1773307480217655.490	,92.884765625,238.0,92.884765625,44,NPU:0
PTA+GE,1773307480217655.490	,92.884765625,238.0,92.884765625,44,NPU:0
PTA,1773307480217657.360	,92.884765625,238.0,92.884765625,44,NPU:0
PTA+GE,1773307480217657.360	,92.884765625,238.0,92.884765625,44,NPU:0
PTA,1773307480217661.820	,76.884765625,238.0,76.884765625,44,NPU:0
PTA+GE,1773307480217661.820	,76.884765625,238.0,76.884765625,44,NPU:0
PTA,1773307480217663.240	,76.884765625,238.0,76.884765625,44,NPU:0
PTA+GE,1773307480217663.240	,76.884765625,238.0,76.884765625,44,NPU:0
PTA,1773307480217702.800	,76.76708984375,238.0,76.76708984375,44,NPU:0
PTA+GE,1773307480217702.800	,76.76708984375,238.0,76.76708984375,44,NPU:0
PTA,1773307480217704.950	,76.76708984375,238.0,76.76708984375,44,NPU:0
PTA+GE,1773307480217704.950	,76.76708984375,238.0,76.76708984375,44,NPU:0
PTA,1773307480217768.830	,76.6494140625,238.0,76.6494140625,44,NPU:0
PTA+GE,1773307480217768.830	,76.6494140625,238.0,76.6494140625,44,NPU:0
PTA,1773307480217771.000	,76.6494140625,238.0,76.6494140625,44,NPU:0
PTA+GE,1773307480217771.000	,76.6494140625,238.0,76.6494140625,44,NPU:0
PTA,1773307480217870.230	,61.64892578125,238.0,61.64892578125,44,NPU:0
PTA+GE,1773307480217870.230	,61.64892578125,238.0,61.64892578125,44,NPU:0
PTA,1773307480217872.410	,61.64892578125,238.0,61.64892578125,44,NPU:0
PTA+GE,1773307480217872.410	,61.64892578125,238.0,61.64892578125,44,NPU:0
PTA,1773307480217916.390	,61.6494140625,238.0,61.6494140625,44,NPU:0
PTA+GE,1773307480217916.390	,61.6494140625,238.0,61.6494140625,44,NPU:0
PTA,1773307480217982.850	,61.76708984375,238.0,61.76708984375,44,NPU:0
PTA+GE,1773307480217982.850	,61.76708984375,238.0,61.76708984375,44,NPU:0
PTA,1773307480218002.970	,61.7666015625,238.0,61.7666015625,44,NPU:0
PTA+GE,1773307480218002.970	,61.7666015625,238.0,61.7666015625,44,NPU:0
PTA,1773307480218005.010	,61.7666015625,238.0,61.7666015625,44,NPU:0
PTA+GE,1773307480218005.010	,61.7666015625,238.0,61.7666015625,44,NPU:0
PTA,1773307480218012.920	,61.64892578125,238.0,61.64892578125,44,NPU:0
PTA+GE,1773307480218012.920	,61.64892578125,238.0,61.64892578125,44,NPU:0
PTA,1773307480218029.100	,61.64892578125,238.0,61.64892578125,44,NPU:0
PTA+GE,1773307480218029.100	,61.64892578125,238.0,61.64892578125,44,NPU:0
PTA,1773307480218043.680	,61.58984375,238.0,61.58984375,44,NPU:0
PTA+GE,1773307480218043.680	,61.58984375,238.0,61.58984375,44,NPU:0
PTA,1773307480218045.770	,61.58984375,238.0,61.58984375,44,NPU:0
PTA+GE,1773307480218045.770	,61.58984375,238.0,61.58984375,44,NPU:0
PTA,1773307480218116.420	,61.47216796875,238.0,61.47216796875,44,NPU:0
PTA+GE,1773307480218116.420	,61.47216796875,238.0,61.47216796875,44,NPU:0
PTA,1773307480218118.740	,61.47216796875,238.0,61.47216796875,44,NPU:0
PTA+GE,1773307480218118.740	,61.47216796875,238.0,61.47216796875,44,NPU:0
PTA,1773307480218483.800	,61.47265625,238.0,61.47265625,44,NPU:0
PTA+GE,1773307480218483.800	,61.47265625,238.0,61.47265625,44,NPU:0
PTA,1773307480218619.120	,61.53173828125,238.0,61.53173828125,44,NPU:0
PTA+GE,1773307480218619.120	,61.53173828125,238.0,61.53173828125,44,NPU:0
PTA,1773307480218639.480	,61.76708984375,238.0,61.76708984375,44,NPU:0
PTA+GE,1773307480218639.480	,61.76708984375,238.0,61.76708984375,44,NPU:0
PTA,1773307480218677.400	,61.53173828125,238.0,61.53173828125,44,NPU:0
PTA+GE,1773307480218677.400	,61.53173828125,238.0,61.53173828125,44,NPU:0
PTA,1773307480218681.140	,61.53173828125,238.0,61.53173828125,44,NPU:0
PTA+GE,1773307480218681.140	,61.53173828125,238.0,61.53173828125,44,NPU:0
PTA,1773307480218713.240	,61.6494140625,238.0,61.6494140625,44,NPU:0
PTA+GE,1773307480218713.240	,61.6494140625,238.0,61.6494140625,44,NPU:0
PTA,1773307480218729.230	,62.11962890625,238.0,62.11962890625,44,NPU:0
PTA+GE,1773307480218729.230	,62.11962890625,238.0,62.11962890625,44,NPU:0
PTA,1773307480218749.860	,61.6494140625,238.0,61.6494140625,44,NPU:0
PTA+GE,1773307480218749.860	,61.6494140625,238.0,61.6494140625,44,NPU:0
PTA,1773307480218751.650	,61.6494140625,238.0,61.6494140625,44,NPU:0
PTA+GE,1773307480218751.650	,61.6494140625,238.0,61.6494140625,44,NPU:0
PTA,1773307480218819.940	,77.6494140625,238.0,77.6494140625,44,NPU:0
PTA+GE,1773307480218819.940	,77.6494140625,238.0,77.6494140625,44,NPU:0
PTA,1773307480218887.740	,77.76708984375,238.0,77.76708984375,44,NPU:0
PTA+GE,1773307480218887.740	,77.76708984375,238.0,77.76708984375,44,NPU:0
PTA,1773307480218910.130	,78.2373046875,238.0,78.2373046875,44,NPU:0
PTA+GE,1773307480218910.130	,78.2373046875,238.0,78.2373046875,44,NPU:0
PTA,1773307480218930.430	,77.76708984375,238.0,77.76708984375,44,NPU:0
PTA+GE,1773307480218930.430	,77.76708984375,238.0,77.76708984375,44,NPU:0
PTA,1773307480218932.630	,77.76708984375,238.0,77.76708984375,44,NPU:0
PTA+GE,1773307480218932.630	,77.76708984375,238.0,77.76708984375,44,NPU:0
PTA,1773307480218963.100	,93.76708984375,238.0,93.76708984375,44,NPU:0
PTA+GE,1773307480218963.100	,93.76708984375,238.0,93.76708984375,44,NPU:0
PTA,1773307480219067.100	,108.767578125,238.0,108.767578125,44,NPU:0
PTA+GE,1773307480219067.100	,108.767578125,238.0,108.767578125,44,NPU:0
PTA,1773307480219134.390	,123.76806640625,238.0,123.76806640625,44,NPU:0
PTA+GE,1773307480219134.390	,123.76806640625,238.0,123.76806640625,44,NPU:0
PTA,1773307480219177.840	,108.767578125,238.0,108.767578125,44,NPU:0
PTA+GE,1773307480219177.840	,108.767578125,238.0,108.767578125,44,NPU:0
PTA,1773307480219180.160	,108.767578125,238.0,108.767578125,44,NPU:0
PTA+GE,1773307480219180.160	,108.767578125,238.0,108.767578125,44,NPU:0
PTA,1773307480219212.550	,123.76806640625,238.0,123.76806640625,44,NPU:0
PTA+GE,1773307480219212.550	,123.76806640625,238.0,123.76806640625,44,NPU:0
PTA,1773307480219268.560	,107.76806640625,238.0,107.76806640625,44,NPU:0
PTA+GE,1773307480219268.560	,107.76806640625,238.0,107.76806640625,44,NPU:0
PTA,1773307480219270.940	,107.76806640625,238.0,107.76806640625,44,NPU:0
PTA+GE,1773307480219270.940	,107.76806640625,238.0,107.76806640625,44,NPU:0
PTA,1773307480219302.530	,123.76806640625,238.0,123.76806640625,44,NPU:0
PTA+GE,1773307480219302.530	,123.76806640625,238.0,123.76806640625,44,NPU:0
PTA,1773307480219364.160	,138.7685546875,238.0,138.7685546875,44,NPU:0
PTA+GE,1773307480219364.160	,138.7685546875,238.0,138.7685546875,44,NPU:0
PTA,1773307480219407.040	,122.7685546875,238.0,122.7685546875,44,NPU:0
PTA+GE,1773307480219407.040	,122.7685546875,238.0,122.7685546875,44,NPU:0
PTA,1773307480219409.240	,122.7685546875,238.0,122.7685546875,44,NPU:0
PTA+GE,1773307480219409.240	,122.7685546875,238.0,122.7685546875,44,NPU:0
PTA,1773307480219437.560	,138.7685546875,238.0,138.7685546875,44,NPU:0
PTA+GE,1773307480219437.560	,138.7685546875,238.0,138.7685546875,44,NPU:0
PTA,1773307480219477.300	,123.76806640625,238.0,123.76806640625,44,NPU:0
PTA+GE,1773307480219477.300	,123.76806640625,238.0,123.76806640625,44,NPU:0
PTA,1773307480219480.120	,123.76806640625,238.0,123.76806640625,44,NPU:0
PTA+GE,1773307480219480.120	,123.76806640625,238.0,123.76806640625,44,NPU:0
PTA,1773307480219510.500	,138.7685546875,238.0,138.7685546875,44,NPU:0
PTA+GE,1773307480219510.500	,138.7685546875,238.0,138.7685546875,44,NPU:0
PTA,1773307480219531.850	,198.77001953125,238.0,198.77001953125,44,NPU:0
PTA+GE,1773307480219531.850	,198.77001953125,238.0,198.77001953125,44,NPU:0
PTA,1773307480219551.770	,138.7685546875,238.0,138.7685546875,44,NPU:0
PTA+GE,1773307480219551.770	,138.7685546875,238.0,138.7685546875,44,NPU:0
PTA,1773307480219553.540	,138.7685546875,238.0,138.7685546875,44,NPU:0
PTA+GE,1773307480219553.540	,138.7685546875,238.0,138.7685546875,44,NPU:0
PTA,1773307480219566.100	,122.7685546875,238.0,122.7685546875,44,NPU:0
PTA+GE,1773307480219566.100	,122.7685546875,238.0,122.7685546875,44,NPU:0
PTA,1773307480219567.900	,122.7685546875,238.0,122.7685546875,44,NPU:0
PTA+GE,1773307480219567.900	,122.7685546875,238.0,122.7685546875,44,NPU:0
PTA,1773307480219602.930	,138.7685546875,238.0,138.7685546875,44,NPU:0
PTA+GE,1773307480219602.930	,138.7685546875,238.0,138.7685546875,44,NPU:0
PTA,1773307480219655.380	,123.76806640625,238.0,123.76806640625,44,NPU:0
PTA+GE,1773307480219655.380	,123.76806640625,238.0,123.76806640625,44,NPU:0
PTA,1773307480219658.080	,123.76806640625,238.0,123.76806640625,44,NPU:0
PTA+GE,1773307480219658.080	,123.76806640625,238.0,123.76806640625,44,NPU:0
PTA,1773307480219677.820	,138.7685546875,238.0,138.7685546875,44,NPU:0
PTA+GE,1773307480219677.820	,138.7685546875,238.0,138.7685546875,44,NPU:0
PTA,1773307480219734.340	,153.76904296875,238.0,153.76904296875,44,NPU:0
PTA+GE,1773307480219734.340	,153.76904296875,238.0,153.76904296875,44,NPU:0
PTA,1773307480219771.490	,138.7685546875,238.0,138.7685546875,44,NPU:0
PTA+GE,1773307480219771.490	,138.7685546875,238.0,138.7685546875,44,NPU:0
PTA,1773307480219776.300	,138.7685546875,238.0,138.7685546875,44,NPU:0
PTA+GE,1773307480219776.300	,138.7685546875,238.0,138.7685546875,44,NPU:0
PTA,1773307480219818.770	,153.76904296875,238.0,153.76904296875,44,NPU:0
PTA+GE,1773307480219818.770	,153.76904296875,238.0,153.76904296875,44,NPU:0
PTA,1773307480219878.030	,138.7685546875,238.0,138.7685546875,44,NPU:0
PTA+GE,1773307480219878.030	,138.7685546875,238.0,138.7685546875,44,NPU:0
PTA,1773307480219881.440	,138.7685546875,238.0,138.7685546875,44,NPU:0
PTA+GE,1773307480219881.440	,138.7685546875,238.0,138.7685546875,44,NPU:0
PTA,1773307480219886.580	,122.7685546875,238.0,122.7685546875,44,NPU:0
PTA+GE,1773307480219886.580	,122.7685546875,238.0,122.7685546875,44,NPU:0
PTA,1773307480219888.770	,122.7685546875,238.0,122.7685546875,44,NPU:0
PTA+GE,1773307480219888.770	,122.7685546875,238.0,122.7685546875,44,NPU:0
PTA,1773307480219920.130	,137.76904296875,238.0,137.76904296875,44,NPU:0
PTA+GE,1773307480219920.130	,137.76904296875,238.0,137.76904296875,44,NPU:0
PTA,1773307480220050.810	,153.76904296875,238.0,153.76904296875,44,NPU:0
PTA+GE,1773307480220050.810	,153.76904296875,238.0,153.76904296875,44,NPU:0
PTA,1773307480220095.330	,138.7685546875,238.0,138.7685546875,44,NPU:0
PTA+GE,1773307480220095.330	,138.7685546875,238.0,138.7685546875,44,NPU:0
PTA,1773307480220098.060	,138.7685546875,238.0,138.7685546875,44,NPU:0
PTA+GE,1773307480220098.060	,138.7685546875,238.0,138.7685546875,44,NPU:0
PTA,1773307480220104.470	,123.76806640625,238.0,123.76806640625,44,NPU:0
PTA+GE,1773307480220104.470	,123.76806640625,238.0,123.76806640625,44,NPU:0
PTA,1773307480220106.230	,123.76806640625,238.0,123.76806640625,44,NPU:0
PTA+GE,1773307480220106.230	,123.76806640625,238.0,123.76806640625,44,NPU:0
PTA,1773307480220127.430	,138.7685546875,238.0,138.7685546875,44,NPU:0
PTA+GE,1773307480220127.430	,138.7685546875,238.0,138.7685546875,44,NPU:0
PTA,1773307480220178.850	,153.76904296875,238.0,153.76904296875,44,NPU:0
PTA+GE,1773307480220178.850	,153.76904296875,238.0,153.76904296875,44,NPU:0
PTA,1773307480220226.810	,138.7685546875,238.0,138.7685546875,44,NPU:0
PTA+GE,1773307480220226.810	,138.7685546875,238.0,138.7685546875,44,NPU:0
PTA,1773307480220230.070	,138.7685546875,238.0,138.7685546875,44,NPU:0
PTA+GE,1773307480220230.070	,138.7685546875,238.0,138.7685546875,44,NPU:0
PTA,1773307480220282.950	,138.65087890625,238.0,138.65087890625,44,NPU:0
PTA+GE,1773307480220282.950	,138.65087890625,238.0,138.65087890625,44,NPU:0
PTA,1773307480220286.210	,138.65087890625,238.0,138.65087890625,44,NPU:0
PTA+GE,1773307480220286.210	,138.65087890625,238.0,138.65087890625,44,NPU:0
PTA,1773307480220290.670	,138.650390625,238.0,138.650390625,44,NPU:0
PTA+GE,1773307480220290.670	,138.650390625,238.0,138.650390625,44,NPU:0
PTA,1773307480220292.640	,138.650390625,238.0,138.650390625,44,NPU:0
PTA+GE,1773307480220292.640	,138.650390625,238.0,138.650390625,44,NPU:0
PTA,1773307480220318.910	,123.64990234375,238.0,123.64990234375,44,NPU:0
PTA+GE,1773307480220318.910	,123.64990234375,238.0,123.64990234375,44,NPU:0
PTA,1773307480220321.420	,123.64990234375,238.0,123.64990234375,44,NPU:0
PTA+GE,1773307480220321.420	,123.64990234375,238.0,123.64990234375,44,NPU:0
PTA,1773307480220648.860	,123.767578125,238.0,123.767578125,44,NPU:0
PTA+GE,1773307480220648.860	,123.767578125,238.0,123.767578125,44,NPU:0
PTA,1773307480220669.660	,123.76904296875,238.0,123.76904296875,44,NPU:0
PTA+GE,1773307480220669.660	,123.76904296875,238.0,123.76904296875,44,NPU:0
PTA,1773307480220697.530	,123.767578125,238.0,123.767578125,44,NPU:0
PTA+GE,1773307480220697.530	,123.767578125,238.0,123.767578125,44,NPU:0
PTA,1773307480220699.270	,123.767578125,238.0,123.767578125,44,NPU:0
PTA+GE,1773307480220699.270	,123.767578125,238.0,123.767578125,44,NPU:0
PTA,1773307480220745.860	,138.76806640625,238.0,138.76806640625,44,NPU:0
PTA+GE,1773307480220745.860	,138.76806640625,238.0,138.76806640625,44,NPU:0
PTA,1773307480220775.970	,153.7685546875,238.0,153.7685546875,44,NPU:0
PTA+GE,1773307480220775.970	,153.7685546875,238.0,153.7685546875,44,NPU:0
PTA,1773307480220804.540	,153.88623046875,238.0,153.88623046875,44,NPU:0
PTA+GE,1773307480220804.540	,153.88623046875,238.0,153.88623046875,44,NPU:0
PTA,1773307480220814.910	,153.8876953125,238.0,153.8876953125,44,NPU:0
PTA+GE,1773307480220814.910	,153.8876953125,238.0,153.8876953125,44,NPU:0
PTA,1773307480220849.120	,153.88623046875,238.0,153.88623046875,44,NPU:0
PTA+GE,1773307480220849.120	,153.88623046875,238.0,153.88623046875,44,NPU:0
PTA,1773307480220851.160	,153.88623046875,238.0,153.88623046875,44,NPU:0
PTA+GE,1773307480220851.160	,153.88623046875,238.0,153.88623046875,44,NPU:0
PTA,1773307480220855.370	,138.8857421875,238.0,138.8857421875,44,NPU:0
PTA+GE,1773307480220855.370	,138.8857421875,238.0,138.8857421875,44,NPU:0
PTA,1773307480220856.830	,138.8857421875,238.0,138.8857421875,44,NPU:0
PTA+GE,1773307480220856.830	,138.8857421875,238.0,138.8857421875,44,NPU:0
PTA,1773307480220867.760	,122.8857421875,238.0,122.8857421875,44,NPU:0
PTA+GE,1773307480220867.760	,122.8857421875,238.0,122.8857421875,44,NPU:0
PTA,1773307480220872.980	,122.8857421875,238.0,122.8857421875,44,NPU:0
PTA+GE,1773307480220872.980	,122.8857421875,238.0,122.8857421875,44,NPU:0
PTA,1773307480220918.490	,137.88623046875,238.0,137.88623046875,44,NPU:0
PTA+GE,1773307480220918.490	,137.88623046875,238.0,137.88623046875,44,NPU:0
PTA,1773307480220960.670	,122.8857421875,238.0,122.8857421875,44,NPU:0
PTA+GE,1773307480220960.670	,122.8857421875,238.0,122.8857421875,44,NPU:0
PTA,1773307480220963.200	,122.8857421875,238.0,122.8857421875,44,NPU:0
PTA+GE,1773307480220963.200	,122.8857421875,238.0,122.8857421875,44,NPU:0
PTA,1773307480221046.430	,138.8857421875,238.0,138.8857421875,44,NPU:0
PTA+GE,1773307480221046.430	,138.8857421875,238.0,138.8857421875,44,NPU:0
PTA,1773307480221067.180	,198.88720703125,238.0,198.88720703125,44,NPU:0
PTA+GE,1773307480221067.180	,198.88720703125,238.0,198.88720703125,44,NPU:0
PTA,1773307480221088.060	,138.8857421875,238.0,138.8857421875,44,NPU:0
PTA+GE,1773307480221088.060	,138.8857421875,238.0,138.8857421875,44,NPU:0
PTA,1773307480221090.630	,138.8857421875,238.0,138.8857421875,44,NPU:0
PTA+GE,1773307480221090.630	,138.8857421875,238.0,138.8857421875,44,NPU:0
PTA,1773307480221098.080	,123.88525390625,238.0,123.88525390625,44,NPU:0
PTA+GE,1773307480221098.080	,123.88525390625,238.0,123.88525390625,44,NPU:0
PTA,1773307480221100.360	,123.88525390625,238.0,123.88525390625,44,NPU:0
PTA+GE,1773307480221100.360	,123.88525390625,238.0,123.88525390625,44,NPU:0
PTA,1773307480221136.490	,138.8857421875,238.0,138.8857421875,44,NPU:0
PTA+GE,1773307480221136.490	,138.8857421875,238.0,138.8857421875,44,NPU:0
PTA,1773307480221169.480	,122.8857421875,238.0,122.8857421875,44,NPU:0
PTA+GE,1773307480221169.480	,122.8857421875,238.0,122.8857421875,44,NPU:0
PTA,1773307480221171.600	,122.8857421875,238.0,122.8857421875,44,NPU:0
PTA+GE,1773307480221171.600	,122.8857421875,238.0,122.8857421875,44,NPU:0
PTA,1773307480221210.180	,138.8857421875,238.0,138.8857421875,44,NPU:0
PTA+GE,1773307480221210.180	,138.8857421875,238.0,138.8857421875,44,NPU:0
PTA,1773307480221243.130	,123.88525390625,238.0,123.88525390625,44,NPU:0
PTA+GE,1773307480221243.130	,123.88525390625,238.0,123.88525390625,44,NPU:0
PTA,1773307480221245.280	,123.88525390625,238.0,123.88525390625,44,NPU:0
PTA+GE,1773307480221245.280	,123.88525390625,238.0,123.88525390625,44,NPU:0
PTA,1773307480221249.550	,108.884765625,238.0,108.884765625,44,NPU:0
PTA+GE,1773307480221249.550	,108.884765625,238.0,108.884765625,44,NPU:0
PTA,1773307480221251.180	,108.884765625,238.0,108.884765625,44,NPU:0
PTA+GE,1773307480221251.180	,108.884765625,238.0,108.884765625,44,NPU:0
PTA,1773307480221281.970	,123.88525390625,238.0,123.88525390625,44,NPU:0
PTA+GE,1773307480221281.970	,123.88525390625,238.0,123.88525390625,44,NPU:0
PTA,1773307480221314.290	,107.88525390625,238.0,107.88525390625,44,NPU:0
PTA+GE,1773307480221314.290	,107.88525390625,238.0,107.88525390625,44,NPU:0
PTA,1773307480221316.460	,107.88525390625,238.0,107.88525390625,44,NPU:0
PTA+GE,1773307480221316.460	,107.88525390625,238.0,107.88525390625,44,NPU:0
PTA,1773307480221368.320	,123.88525390625,238.0,123.88525390625,44,NPU:0
PTA+GE,1773307480221368.320	,123.88525390625,238.0,123.88525390625,44,NPU:0
PTA,1773307480221406.020	,108.884765625,238.0,108.884765625,44,NPU:0
PTA+GE,1773307480221406.020	,108.884765625,238.0,108.884765625,44,NPU:0
PTA,1773307480221407.970	,108.884765625,238.0,108.884765625,44,NPU:0
PTA+GE,1773307480221407.970	,108.884765625,238.0,108.884765625,44,NPU:0
PTA,1773307480221412.000	,93.88427734375,238.0,93.88427734375,44,NPU:0
PTA+GE,1773307480221412.000	,93.88427734375,238.0,93.88427734375,44,NPU:0
PTA,1773307480221413.470	,93.88427734375,238.0,93.88427734375,44,NPU:0
PTA+GE,1773307480221413.470	,93.88427734375,238.0,93.88427734375,44,NPU:0
PTA,1773307480221463.090	,108.884765625,238.0,108.884765625,44,NPU:0
PTA+GE,1773307480221463.090	,108.884765625,238.0,108.884765625,44,NPU:0
PTA,1773307480221514.170	,123.88525390625,238.0,123.88525390625,44,NPU:0
PTA+GE,1773307480221514.170	,123.88525390625,238.0,123.88525390625,44,NPU:0
PTA,1773307480221547.370	,138.8857421875,238.0,138.8857421875,44,NPU:0
PTA+GE,1773307480221547.370	,138.8857421875,238.0,138.8857421875,44,NPU:0
PTA,1773307480221578.730	,153.88623046875,238.0,153.88623046875,44,NPU:0
PTA+GE,1773307480221578.730	,153.88623046875,238.0,153.88623046875,44,NPU:0
PTA,1773307480221602.990	,138.8857421875,238.0,138.8857421875,44,NPU:0
PTA+GE,1773307480221602.990	,138.8857421875,238.0,138.8857421875,44,NPU:0
PTA,1773307480221604.780	,138.8857421875,238.0,138.8857421875,44,NPU:0
PTA+GE,1773307480221604.780	,138.8857421875,238.0,138.8857421875,44,NPU:0
PTA,1773307480221608.370	,123.88525390625,238.0,123.88525390625,44,NPU:0
PTA+GE,1773307480221608.370	,123.88525390625,238.0,123.88525390625,44,NPU:0
PTA,1773307480221609.830	,123.88525390625,238.0,123.88525390625,44,NPU:0
PTA+GE,1773307480221609.830	,123.88525390625,238.0,123.88525390625,44,NPU:0
PTA,1773307480221612.180	,108.884765625,238.0,108.884765625,44,NPU:0
PTA+GE,1773307480221612.180	,108.884765625,238.0,108.884765625,44,NPU:0
PTA,1773307480221613.520	,108.884765625,238.0,108.884765625,44,NPU:0
PTA+GE,1773307480221613.520	,108.884765625,238.0,108.884765625,44,NPU:0
PTA,1773307480221625.460	,123.88525390625,238.0,123.88525390625,44,NPU:0
PTA+GE,1773307480221625.460	,123.88525390625,238.0,123.88525390625,44,NPU:0
PTA,1773307480221664.680	,124.0029296875,238.0,124.0029296875,44,NPU:0
PTA+GE,1773307480221664.680	,124.0029296875,238.0,124.0029296875,44,NPU:0
PTA,1773307480221677.840	,124.00439453125,238.0,124.00439453125,44,NPU:0
PTA+GE,1773307480221677.840	,124.00439453125,238.0,124.00439453125,44,NPU:0
PTA,1773307480221694.990	,124.0029296875,238.0,124.0029296875,44,NPU:0
PTA+GE,1773307480221694.990	,124.0029296875,238.0,124.0029296875,44,NPU:0
PTA,1773307480221696.870	,124.0029296875,238.0,124.0029296875,44,NPU:0
PTA+GE,1773307480221696.870	,124.0029296875,238.0,124.0029296875,44,NPU:0
PTA,1773307480221701.550	,109.00244140625,238.0,109.00244140625,44,NPU:0
PTA+GE,1773307480221701.550	,109.00244140625,238.0,109.00244140625,44,NPU:0
PTA,1773307480221703.330	,109.00244140625,238.0,109.00244140625,44,NPU:0
PTA+GE,1773307480221703.330	,109.00244140625,238.0,109.00244140625,44,NPU:0
PTA,1773307480221707.010	,93.00244140625,238.0,93.00244140625,44,NPU:0
PTA+GE,1773307480221707.010	,93.00244140625,238.0,93.00244140625,44,NPU:0
PTA,1773307480221708.730	,93.00244140625,238.0,93.00244140625,44,NPU:0
PTA+GE,1773307480221708.730	,93.00244140625,238.0,93.00244140625,44,NPU:0
PTA,1773307480221719.050	,92.884765625,238.0,92.884765625,44,NPU:0
PTA+GE,1773307480221719.050	,92.884765625,238.0,92.884765625,44,NPU:0
PTA,1773307480221720.890	,92.884765625,238.0,92.884765625,44,NPU:0
PTA+GE,1773307480221720.890	,92.884765625,238.0,92.884765625,44,NPU:0
PTA,1773307480221725.210	,76.884765625,238.0,76.884765625,44,NPU:0
PTA+GE,1773307480221725.210	,76.884765625,238.0,76.884765625,44,NPU:0
PTA,1773307480221726.780	,76.884765625,238.0,76.884765625,44,NPU:0
PTA+GE,1773307480221726.780	,76.884765625,238.0,76.884765625,44,NPU:0
PTA,1773307480221770.740	,76.76708984375,238.0,76.76708984375,44,NPU:0
PTA+GE,1773307480221770.740	,76.76708984375,238.0,76.76708984375,44,NPU:0
PTA,1773307480221773.030	,76.76708984375,238.0,76.76708984375,44,NPU:0
PTA+GE,1773307480221773.030	,76.76708984375,238.0,76.76708984375,44,NPU:0
PTA,1773307480221817.210	,76.884765625,238.0,76.884765625,44,NPU:0
PTA+GE,1773307480221817.210	,76.884765625,238.0,76.884765625,44,NPU:0
PTA,1773307480221837.970	,77.35498046875,238.0,77.35498046875,44,NPU:0
PTA+GE,1773307480221837.970	,77.35498046875,238.0,77.35498046875,44,NPU:0
PTA,1773307480221856.810	,76.884765625,238.0,76.884765625,44,NPU:0
PTA+GE,1773307480221856.810	,76.884765625,238.0,76.884765625,44,NPU:0
PTA,1773307480221859.050	,76.884765625,238.0,76.884765625,44,NPU:0
PTA+GE,1773307480221859.050	,76.884765625,238.0,76.884765625,44,NPU:0
PTA,1773307480221867.940	,76.76708984375,238.0,76.76708984375,44,NPU:0
PTA+GE,1773307480221867.940	,76.76708984375,238.0,76.76708984375,44,NPU:0
PTA,1773307480221869.900	,76.76708984375,238.0,76.76708984375,44,NPU:0
PTA+GE,1773307480221869.900	,76.76708984375,238.0,76.76708984375,44,NPU:0
PTA,1773307480221917.870	,91.767578125,238.0,91.767578125,44,NPU:0
PTA+GE,1773307480221917.870	,91.767578125,238.0,91.767578125,44,NPU:0
PTA,1773307480221991.810	,91.88525390625,238.0,91.88525390625,44,NPU:0
PTA+GE,1773307480221991.810	,91.88525390625,238.0,91.88525390625,44,NPU:0
PTA,1773307480222005.490	,91.88671875,238.0,91.88671875,44,NPU:0
PTA+GE,1773307480222005.490	,91.88671875,238.0,91.88671875,44,NPU:0
PTA,1773307480222024.320	,91.88525390625,238.0,91.88525390625,44,NPU:0
PTA+GE,1773307480222024.320	,91.88525390625,238.0,91.88525390625,44,NPU:0
PTA,1773307480222026.180	,91.88525390625,238.0,91.88525390625,44,NPU:0
PTA+GE,1773307480222026.180	,91.88525390625,238.0,91.88525390625,44,NPU:0
PTA,1773307480222031.130	,76.884765625,238.0,76.884765625,44,NPU:0
PTA+GE,1773307480222031.130	,76.884765625,238.0,76.884765625,44,NPU:0
PTA,1773307480222032.880	,76.884765625,238.0,76.884765625,44,NPU:0
PTA+GE,1773307480222032.880	,76.884765625,238.0,76.884765625,44,NPU:0
PTA,1773307480222081.110	,76.76708984375,238.0,76.76708984375,44,NPU:0
PTA+GE,1773307480222081.110	,76.76708984375,238.0,76.76708984375,44,NPU:0
PTA,1773307480222083.720	,76.76708984375,238.0,76.76708984375,44,NPU:0
PTA+GE,1773307480222083.720	,76.76708984375,238.0,76.76708984375,44,NPU:0
PTA,1773307480222154.560	,76.6494140625,238.0,76.6494140625,44,NPU:0
PTA+GE,1773307480222154.560	,76.6494140625,238.0,76.6494140625,44,NPU:0
PTA,1773307480222156.880	,76.6494140625,238.0,76.6494140625,44,NPU:0
PTA+GE,1773307480222156.880	,76.6494140625,238.0,76.6494140625,44,NPU:0
PTA,1773307480222260.280	,61.64892578125,238.0,61.64892578125,44,NPU:0
PTA+GE,1773307480222260.280	,61.64892578125,238.0,61.64892578125,44,NPU:0
PTA,1773307480222262.160	,61.64892578125,238.0,61.64892578125,44,NPU:0
PTA+GE,1773307480222262.160	,61.64892578125,238.0,61.64892578125,44,NPU:0
PTA,1773307480222307.720	,61.6494140625,238.0,61.6494140625,44,NPU:0
PTA+GE,1773307480222307.720	,61.6494140625,238.0,61.6494140625,44,NPU:0
PTA,1773307480222359.090	,61.76708984375,238.0,61.76708984375,44,NPU:0
PTA+GE,1773307480222359.090	,61.76708984375,238.0,61.76708984375,44,NPU:0
PTA,1773307480222384.630	,61.7666015625,238.0,61.7666015625,44,NPU:0
PTA+GE,1773307480222384.630	,61.7666015625,238.0,61.7666015625,44,NPU:0
PTA,1773307480222386.320	,61.7666015625,238.0,61.7666015625,44,NPU:0
PTA+GE,1773307480222386.320	,61.7666015625,238.0,61.7666015625,44,NPU:0
PTA,1773307480222393.760	,61.64892578125,238.0,61.64892578125,44,NPU:0
PTA+GE,1773307480222393.760	,61.64892578125,238.0,61.64892578125,44,NPU:0
PTA,1773307480222395.340	,61.64892578125,238.0,61.64892578125,44,NPU:0
PTA+GE,1773307480222395.340	,61.64892578125,238.0,61.64892578125,44,NPU:0
PTA,1773307480222405.460	,61.58984375,238.0,61.58984375,44,NPU:0
PTA+GE,1773307480222405.460	,61.58984375,238.0,61.58984375,44,NPU:0
PTA,1773307480222406.980	,61.58984375,238.0,61.58984375,44,NPU:0
PTA+GE,1773307480222406.980	,61.58984375,238.0,61.58984375,44,NPU:0
PTA,1773307480222481.130	,61.47216796875,238.0,61.47216796875,44,NPU:0
PTA+GE,1773307480222481.130	,61.47216796875,238.0,61.47216796875,44,NPU:0
PTA,1773307480222483.090	,61.47216796875,238.0,61.47216796875,44,NPU:0
PTA+GE,1773307480222483.090	,61.47216796875,238.0,61.47216796875,44,NPU:0
